{
  "table_of_contents": [
    {
      "title": "LETTERS",
      "heading_level": null,
      "page_id": 0,
      "polygon": [
        [
          34.8661003112793,
          49.5780029296875
        ],
        [
          158.447265625,
          49.5780029296875
        ],
        [
          158.447265625,
          81.45843505859375
        ],
        [
          34.8661003112793,
          81.45843505859375
        ]
      ]
    },
    {
      "title": "Binary nanocrystal superlattice membranes\nself-assembled at the liquid\u2013air interface",
      "heading_level": null,
      "page_id": 0,
      "polygon": [
        [
          34.8661003112793,
          115.307861328125
        ],
        [
          462.30950927734375,
          115.307861328125
        ],
        [
          462.30950927734375,
          164.84173583984375
        ],
        [
          34.8661003112793,
          164.84173583984375
        ]
      ]
    },
    {
      "title": "METHODS SUMMARY",
      "heading_level": null,
      "page_id": 3,
      "polygon": [
        [
          40.53400503778337,
          245.25
        ],
        [
          132.86146095717885,
          245.25
        ],
        [
          132.86146095717885,
          254.25
        ],
        [
          40.53400503778337,
          254.25
        ]
      ]
    },
    {
      "title": "Received 25 January; accepted 20 May 2010.",
      "heading_level": null,
      "page_id": 3,
      "polygon": [
        [
          40.53400503778337,
          518.81396484375
        ],
        [
          180.15113350125944,
          518.81396484375
        ],
        [
          180.15113350125944,
          527.22509765625
        ],
        [
          40.53400503778337,
          527.22509765625
        ]
      ]
    }
  ],
  "page_stats": [
    {
      "page_id": 0,
      "text_extraction_method": "pdftext",
      "block_counts": [
        [
          "Span",
          271
        ],
        [
          "Line",
          112
        ],
        [
          "Text",
          6
        ],
        [
          "PageHeader",
          2
        ],
        [
          "SectionHeader",
          2
        ],
        [
          "PageFooter",
          2
        ],
        [
          "Footnote",
          1
        ]
      ],
      "block_metadata": {
        "llm_request_count": 0,
        "llm_error_count": 0,
        "llm_tokens_used": 0,
        "previous_text": "",
        "previous_type": "",
        "previous_order": 0
      }
    },
    {
      "page_id": 1,
      "text_extraction_method": "surya",
      "block_counts": [
        [
          "Line",
          102
        ],
        [
          "Span",
          78
        ],
        [
          "Text",
          6
        ],
        [
          "Figure",
          2
        ],
        [
          "Caption",
          2
        ],
        [
          "PageFooter",
          2
        ],
        [
          "FigureGroup",
          2
        ]
      ],
      "block_metadata": {
        "llm_request_count": 0,
        "llm_error_count": 0,
        "llm_tokens_used": 0,
        "previous_text": "",
        "previous_type": "",
        "previous_order": 0
      }
    },
    {
      "page_id": 2,
      "text_extraction_method": "pdftext",
      "block_counts": [
        [
          "Span",
          301
        ],
        [
          "Line",
          104
        ],
        [
          "Text",
          4
        ],
        [
          "Caption",
          3
        ],
        [
          "Figure",
          2
        ],
        [
          "PageFooter",
          2
        ],
        [
          "FigureGroup",
          2
        ]
      ],
      "block_metadata": {
        "llm_request_count": 0,
        "llm_error_count": 0,
        "llm_tokens_used": 0,
        "previous_text": "",
        "previous_type": "",
        "previous_order": 0
      }
    },
    {
      "page_id": 3,
      "text_extraction_method": "surya",
      "block_counts": [
        [
          "Line",
          215
        ],
        [
          "Span",
          159
        ],
        [
          "ListItem",
          31
        ],
        [
          "Text",
          9
        ],
        [
          "SectionHeader",
          2
        ],
        [
          "PageFooter",
          2
        ],
        [
          "ListGroup",
          2
        ]
      ],
      "block_metadata": {
        "llm_request_count": 0,
        "llm_error_count": 0,
        "llm_tokens_used": 0,
        "previous_text": "",
        "previous_type": "",
        "previous_order": 0
      }
    }
  ],
  "debug_data_path": "debug_data\\paper_37"
}