id,question_type,source_stage,target_stage,layer,path_effect_emb,path_effect_mech
0,cross_domain_mapping,graph,synthesis,0,0.5904,0.5714
0,cross_domain_mapping,graph,synthesis,1,0.9565,0.5714
0,cross_domain_mapping,graph,synthesis,2,0.9502,0.5714
0,cross_domain_mapping,graph,synthesis,3,0.9256,0.5714
0,cross_domain_mapping,graph,synthesis,4,0.9134,0.5714
0,cross_domain_mapping,graph,synthesis,5,0.9096,0.5714
0,cross_domain_mapping,graph,synthesis,6,0.9240,0.5714
0,cross_domain_mapping,graph,synthesis,7,0.9284,0.5714
0,cross_domain_mapping,graph,synthesis,8,0.9218,0.5714
0,cross_domain_mapping,graph,synthesis,9,0.9139,0.5714
0,cross_domain_mapping,graph,synthesis,10,0.9132,0.5714
0,cross_domain_mapping,graph,synthesis,20,0.8747,0.5714
0,cross_domain_mapping,graph,synthesis,21,0.8858,0.5714
0,cross_domain_mapping,graph,synthesis,22,0.8697,0.5714
0,cross_domain_mapping,graph,synthesis,23,0.8596,0.5714
0,cross_domain_mapping,graph,synthesis,24,0.8672,0.5714
0,cross_domain_mapping,graph,synthesis,28,0.9180,0.5714
0,cross_domain_mapping,graph,synthesis,29,0.9214,0.5714
0,cross_domain_mapping,graph,synthesis,30,0.9348,0.5714
0,cross_domain_mapping,graph,synthesis,31,0.9436,0.5714
0,cross_domain_mapping,graph,synthesis,32,0.9519,0.5714
0,cross_domain_mapping,graph,synthesis,36,0.7882,0.5714
0,cross_domain_mapping,patterns,synthesis,0,0.6623,0.5714
0,cross_domain_mapping,patterns,synthesis,1,0.9637,0.5714
0,cross_domain_mapping,patterns,synthesis,2,0.9575,0.5714
0,cross_domain_mapping,patterns,synthesis,3,0.9328,0.5714
0,cross_domain_mapping,patterns,synthesis,4,0.9234,0.5714
0,cross_domain_mapping,patterns,synthesis,5,0.9179,0.5714
0,cross_domain_mapping,patterns,synthesis,6,0.9289,0.5714
0,cross_domain_mapping,patterns,synthesis,7,0.9312,0.5714
0,cross_domain_mapping,patterns,synthesis,8,0.9284,0.5714
0,cross_domain_mapping,patterns,synthesis,9,0.9162,0.5714
0,cross_domain_mapping,patterns,synthesis,10,0.9145,0.5714
0,cross_domain_mapping,patterns,synthesis,20,0.9070,0.5714
0,cross_domain_mapping,patterns,synthesis,21,0.9133,0.5714
0,cross_domain_mapping,patterns,synthesis,22,0.9023,0.5714
0,cross_domain_mapping,patterns,synthesis,23,0.8986,0.5714
0,cross_domain_mapping,patterns,synthesis,24,0.8992,0.5714
0,cross_domain_mapping,patterns,synthesis,28,0.9229,0.5714
0,cross_domain_mapping,patterns,synthesis,29,0.9208,0.5714
0,cross_domain_mapping,patterns,synthesis,30,0.9285,0.5714
0,cross_domain_mapping,patterns,synthesis,31,0.9392,0.5714
0,cross_domain_mapping,patterns,synthesis,32,0.9453,0.5714
0,cross_domain_mapping,patterns,synthesis,36,0.7325,0.5714
0,cross_domain_mapping,synthesis,answer,0,0.6738,0.5714
0,cross_domain_mapping,synthesis,answer,1,0.9559,0.5714
0,cross_domain_mapping,synthesis,answer,2,0.9543,0.5714
0,cross_domain_mapping,synthesis,answer,3,0.9414,0.5714
0,cross_domain_mapping,synthesis,answer,4,0.9339,0.5714
0,cross_domain_mapping,synthesis,answer,5,0.9465,0.5714
0,cross_domain_mapping,synthesis,answer,6,0.9499,0.5714
0,cross_domain_mapping,synthesis,answer,7,0.9479,0.5714
0,cross_domain_mapping,synthesis,answer,8,0.9351,0.5714
0,cross_domain_mapping,synthesis,answer,9,0.9205,0.5714
0,cross_domain_mapping,synthesis,answer,10,0.9111,0.5714
0,cross_domain_mapping,synthesis,answer,20,0.8642,0.5714
0,cross_domain_mapping,synthesis,answer,21,0.8671,0.5714
0,cross_domain_mapping,synthesis,answer,22,0.8433,0.5714
0,cross_domain_mapping,synthesis,answer,23,0.8358,0.5714
0,cross_domain_mapping,synthesis,answer,24,0.8316,0.5714
0,cross_domain_mapping,synthesis,answer,28,0.8863,0.5714
0,cross_domain_mapping,synthesis,answer,29,0.8915,0.5714
0,cross_domain_mapping,synthesis,answer,30,0.9075,0.5714
0,cross_domain_mapping,synthesis,answer,31,0.9226,0.5714
0,cross_domain_mapping,synthesis,answer,32,0.9335,0.5714
0,cross_domain_mapping,synthesis,answer,36,0.7728,0.5714
0,cross_domain_mapping,brainstorm,answer,0,0.6992,0.5714
0,cross_domain_mapping,brainstorm,answer,1,0.9648,0.5714
0,cross_domain_mapping,brainstorm,answer,2,0.9618,0.5714
0,cross_domain_mapping,brainstorm,answer,3,0.9478,0.5714
0,cross_domain_mapping,brainstorm,answer,4,0.9446,0.5714
0,cross_domain_mapping,brainstorm,answer,5,0.9577,0.5714
0,cross_domain_mapping,brainstorm,answer,6,0.9632,0.5714
0,cross_domain_mapping,brainstorm,answer,7,0.1549,0.5714
0,cross_domain_mapping,brainstorm,answer,8,0.1820,0.5714
0,cross_domain_mapping,brainstorm,answer,9,0.2014,0.5714
0,cross_domain_mapping,brainstorm,answer,10,0.2249,0.5714
0,cross_domain_mapping,brainstorm,answer,20,0.4444,0.5714
0,cross_domain_mapping,brainstorm,answer,21,0.4662,0.5714
0,cross_domain_mapping,brainstorm,answer,22,0.4699,0.5714
0,cross_domain_mapping,brainstorm,answer,23,0.5073,0.5714
0,cross_domain_mapping,brainstorm,answer,24,0.5644,0.5714
0,cross_domain_mapping,brainstorm,answer,28,0.7351,0.5714
0,cross_domain_mapping,brainstorm,answer,29,0.7680,0.5714
0,cross_domain_mapping,brainstorm,answer,30,0.7990,0.5714
0,cross_domain_mapping,brainstorm,answer,31,0.8319,0.5714
0,cross_domain_mapping,brainstorm,answer,32,0.8551,0.5714
0,cross_domain_mapping,brainstorm,answer,36,0.8269,0.5714
0,cross_domain_mapping,graph,answer,0,0.6899,0.5714
0,cross_domain_mapping,graph,answer,1,0.9630,0.5714
0,cross_domain_mapping,graph,answer,2,0.9576,0.5714
0,cross_domain_mapping,graph,answer,3,0.9495,0.5714
0,cross_domain_mapping,graph,answer,4,0.9438,0.5714
0,cross_domain_mapping,graph,answer,5,0.9576,0.5714
0,cross_domain_mapping,graph,answer,6,0.9620,0.5714
0,cross_domain_mapping,graph,answer,7,0.9610,0.5714
0,cross_domain_mapping,graph,answer,8,0.9490,0.5714
0,cross_domain_mapping,graph,answer,9,0.9395,0.5714
0,cross_domain_mapping,graph,answer,10,0.9360,0.5714
0,cross_domain_mapping,graph,answer,20,0.9050,0.5714
0,cross_domain_mapping,graph,answer,21,0.9129,0.5714
0,cross_domain_mapping,graph,answer,22,0.9005,0.5714
0,cross_domain_mapping,graph,answer,23,0.8959,0.5714
0,cross_domain_mapping,graph,answer,24,0.8893,0.5714
0,cross_domain_mapping,graph,answer,28,0.9256,0.5714
0,cross_domain_mapping,graph,answer,29,0.9294,0.5714
0,cross_domain_mapping,graph,answer,30,0.9406,0.5714
0,cross_domain_mapping,graph,answer,31,0.9503,0.5714
0,cross_domain_mapping,graph,answer,32,0.9581,0.5714
0,cross_domain_mapping,graph,answer,36,0.9221,0.5714
1,cross_domain_mapping,graph,synthesis,0,0.5977,0.0000
1,cross_domain_mapping,graph,synthesis,1,0.9552,0.0000
1,cross_domain_mapping,graph,synthesis,2,0.9573,0.0000
1,cross_domain_mapping,graph,synthesis,3,0.9508,0.0000
1,cross_domain_mapping,graph,synthesis,4,0.9411,0.0000
1,cross_domain_mapping,graph,synthesis,5,0.9497,0.0000
1,cross_domain_mapping,graph,synthesis,6,0.9575,0.0000
1,cross_domain_mapping,graph,synthesis,7,0.9568,0.0000
1,cross_domain_mapping,graph,synthesis,8,0.9481,0.0000
1,cross_domain_mapping,graph,synthesis,9,0.9391,0.0000
1,cross_domain_mapping,graph,synthesis,10,0.9343,0.0000
1,cross_domain_mapping,graph,synthesis,20,0.8683,0.0000
1,cross_domain_mapping,graph,synthesis,21,0.8756,0.0000
1,cross_domain_mapping,graph,synthesis,22,0.8517,0.0000
1,cross_domain_mapping,graph,synthesis,23,0.8390,0.0000
1,cross_domain_mapping,graph,synthesis,24,0.8410,0.0000
1,cross_domain_mapping,graph,synthesis,28,0.8995,0.0000
1,cross_domain_mapping,graph,synthesis,29,0.9078,0.0000
1,cross_domain_mapping,graph,synthesis,30,0.9225,0.0000
1,cross_domain_mapping,graph,synthesis,31,0.9360,0.0000
1,cross_domain_mapping,graph,synthesis,32,0.9470,0.0000
1,cross_domain_mapping,graph,synthesis,36,0.5849,0.0000
1,cross_domain_mapping,patterns,synthesis,0,0.5746,0.0000
1,cross_domain_mapping,patterns,synthesis,1,0.9545,0.0000
1,cross_domain_mapping,patterns,synthesis,2,0.9602,0.0000
1,cross_domain_mapping,patterns,synthesis,3,0.9486,0.0000
1,cross_domain_mapping,patterns,synthesis,4,0.9395,0.0000
1,cross_domain_mapping,patterns,synthesis,5,0.9560,0.0000
1,cross_domain_mapping,patterns,synthesis,6,0.9625,0.0000
1,cross_domain_mapping,patterns,synthesis,7,0.9634,0.0000
1,cross_domain_mapping,patterns,synthesis,8,0.9553,0.0000
1,cross_domain_mapping,patterns,synthesis,9,0.9481,0.0000
1,cross_domain_mapping,patterns,synthesis,10,0.9427,0.0000
1,cross_domain_mapping,patterns,synthesis,20,0.8807,0.0000
1,cross_domain_mapping,patterns,synthesis,21,0.8861,0.0000
1,cross_domain_mapping,patterns,synthesis,22,0.8673,0.0000
1,cross_domain_mapping,patterns,synthesis,23,0.8573,0.0000
1,cross_domain_mapping,patterns,synthesis,24,0.8600,0.0000
1,cross_domain_mapping,patterns,synthesis,28,0.9070,0.0000
1,cross_domain_mapping,patterns,synthesis,29,0.9154,0.0000
1,cross_domain_mapping,patterns,synthesis,30,0.9300,0.0000
1,cross_domain_mapping,patterns,synthesis,31,0.9426,0.0000
1,cross_domain_mapping,patterns,synthesis,32,0.9509,0.0000
1,cross_domain_mapping,patterns,synthesis,36,0.5516,0.0000
1,cross_domain_mapping,synthesis,answer,0,0.8013,0.0000
1,cross_domain_mapping,synthesis,answer,1,0.9614,0.0000
1,cross_domain_mapping,synthesis,answer,2,0.9673,0.0000
1,cross_domain_mapping,synthesis,answer,3,0.9630,0.0000
1,cross_domain_mapping,synthesis,answer,4,0.9600,0.0000
1,cross_domain_mapping,synthesis,answer,5,0.9707,0.0000
1,cross_domain_mapping,synthesis,answer,6,0.9736,0.0000
1,cross_domain_mapping,synthesis,answer,7,0.9728,0.0000
1,cross_domain_mapping,synthesis,answer,8,0.9684,0.0000
1,cross_domain_mapping,synthesis,answer,9,0.9646,0.0000
1,cross_domain_mapping,synthesis,answer,10,0.9620,0.0000
1,cross_domain_mapping,synthesis,answer,20,0.9542,0.0000
1,cross_domain_mapping,synthesis,answer,21,0.9580,0.0000
1,cross_domain_mapping,synthesis,answer,22,0.9532,0.0000
1,cross_domain_mapping,synthesis,answer,23,0.9519,0.0000
1,cross_domain_mapping,synthesis,answer,24,0.9508,0.0000
1,cross_domain_mapping,synthesis,answer,28,0.9644,0.0000
1,cross_domain_mapping,synthesis,answer,29,0.9657,0.0000
1,cross_domain_mapping,synthesis,answer,30,0.9704,0.0000
1,cross_domain_mapping,synthesis,answer,31,0.9749,0.0000
1,cross_domain_mapping,synthesis,answer,32,0.9782,0.0000
1,cross_domain_mapping,synthesis,answer,36,0.9396,0.0000
1,cross_domain_mapping,brainstorm,answer,0,0.6440,0.0000
1,cross_domain_mapping,brainstorm,answer,1,0.9597,0.0000
1,cross_domain_mapping,brainstorm,answer,2,0.9589,0.0000
1,cross_domain_mapping,brainstorm,answer,3,0.9491,0.0000
1,cross_domain_mapping,brainstorm,answer,4,0.9407,0.0000
1,cross_domain_mapping,brainstorm,answer,5,0.9534,0.0000
1,cross_domain_mapping,brainstorm,answer,6,0.9574,0.0000
1,cross_domain_mapping,brainstorm,answer,7,0.1584,0.0000
1,cross_domain_mapping,brainstorm,answer,8,0.1801,0.0000
1,cross_domain_mapping,brainstorm,answer,9,0.1885,0.0000
1,cross_domain_mapping,brainstorm,answer,10,0.2085,0.0000
1,cross_domain_mapping,brainstorm,answer,20,0.4193,0.0000
1,cross_domain_mapping,brainstorm,answer,21,0.4438,0.0000
1,cross_domain_mapping,brainstorm,answer,22,0.4512,0.0000
1,cross_domain_mapping,brainstorm,answer,23,0.4865,0.0000
1,cross_domain_mapping,brainstorm,answer,24,0.5517,0.0000
1,cross_domain_mapping,brainstorm,answer,28,0.7270,0.0000
1,cross_domain_mapping,brainstorm,answer,29,0.7546,0.0000
1,cross_domain_mapping,brainstorm,answer,30,0.7908,0.0000
1,cross_domain_mapping,brainstorm,answer,31,0.8236,0.0000
1,cross_domain_mapping,brainstorm,answer,32,0.8459,0.0000
1,cross_domain_mapping,brainstorm,answer,36,0.8879,0.0000
1,cross_domain_mapping,graph,answer,0,0.7956,0.0000
1,cross_domain_mapping,graph,answer,1,0.9651,0.0000
1,cross_domain_mapping,graph,answer,2,0.9643,0.0000
1,cross_domain_mapping,graph,answer,3,0.9593,0.0000
1,cross_domain_mapping,graph,answer,4,0.9534,0.0000
1,cross_domain_mapping,graph,answer,5,0.9644,0.0000
1,cross_domain_mapping,graph,answer,6,0.9678,0.0000
1,cross_domain_mapping,graph,answer,7,0.9656,0.0000
1,cross_domain_mapping,graph,answer,8,0.9566,0.0000
1,cross_domain_mapping,graph,answer,9,0.9490,0.0000
1,cross_domain_mapping,graph,answer,10,0.9453,0.0000
1,cross_domain_mapping,graph,answer,20,0.9026,0.0000
1,cross_domain_mapping,graph,answer,21,0.9057,0.0000
1,cross_domain_mapping,graph,answer,22,0.8892,0.0000
1,cross_domain_mapping,graph,answer,23,0.8876,0.0000
1,cross_domain_mapping,graph,answer,24,0.8865,0.0000
1,cross_domain_mapping,graph,answer,28,0.9271,0.0000
1,cross_domain_mapping,graph,answer,29,0.9290,0.0000
1,cross_domain_mapping,graph,answer,30,0.9402,0.0000
1,cross_domain_mapping,graph,answer,31,0.9501,0.0000
1,cross_domain_mapping,graph,answer,32,0.9560,0.0000
1,cross_domain_mapping,graph,answer,36,0.8918,0.0000
2,causal_multiscale_reasoning,graph,synthesis,0,0.6748,0.8000
2,causal_multiscale_reasoning,graph,synthesis,1,0.9700,0.8000
2,causal_multiscale_reasoning,graph,synthesis,2,0.9699,0.8000
2,causal_multiscale_reasoning,graph,synthesis,3,0.9661,0.8000
2,causal_multiscale_reasoning,graph,synthesis,4,0.9607,0.8000
2,causal_multiscale_reasoning,graph,synthesis,5,0.9682,0.8000
2,causal_multiscale_reasoning,graph,synthesis,6,0.9731,0.8000
2,causal_multiscale_reasoning,graph,synthesis,7,0.9744,0.8000
2,causal_multiscale_reasoning,graph,synthesis,8,0.9660,0.8000
2,causal_multiscale_reasoning,graph,synthesis,9,0.9604,0.8000
2,causal_multiscale_reasoning,graph,synthesis,10,0.9569,0.8000
2,causal_multiscale_reasoning,graph,synthesis,20,0.9035,0.8000
2,causal_multiscale_reasoning,graph,synthesis,21,0.9072,0.8000
2,causal_multiscale_reasoning,graph,synthesis,22,0.8929,0.8000
2,causal_multiscale_reasoning,graph,synthesis,23,0.8790,0.8000
2,causal_multiscale_reasoning,graph,synthesis,24,0.8861,0.8000
2,causal_multiscale_reasoning,graph,synthesis,28,0.9358,0.8000
2,causal_multiscale_reasoning,graph,synthesis,29,0.9408,0.8000
2,causal_multiscale_reasoning,graph,synthesis,30,0.9503,0.8000
2,causal_multiscale_reasoning,graph,synthesis,31,0.9582,0.8000
2,causal_multiscale_reasoning,graph,synthesis,32,0.9658,0.8000
2,causal_multiscale_reasoning,graph,synthesis,36,0.8882,0.8000
2,causal_multiscale_reasoning,patterns,synthesis,0,0.6561,0.8000
2,causal_multiscale_reasoning,patterns,synthesis,1,0.9771,0.8000
2,causal_multiscale_reasoning,patterns,synthesis,2,0.9778,0.8000
2,causal_multiscale_reasoning,patterns,synthesis,3,0.9736,0.8000
2,causal_multiscale_reasoning,patterns,synthesis,4,0.9688,0.8000
2,causal_multiscale_reasoning,patterns,synthesis,5,0.9752,0.8000
2,causal_multiscale_reasoning,patterns,synthesis,6,0.9799,0.8000
2,causal_multiscale_reasoning,patterns,synthesis,7,0.9804,0.8000
2,causal_multiscale_reasoning,patterns,synthesis,8,0.9731,0.8000
2,causal_multiscale_reasoning,patterns,synthesis,9,0.9679,0.8000
2,causal_multiscale_reasoning,patterns,synthesis,10,0.9681,0.8000
2,causal_multiscale_reasoning,patterns,synthesis,20,0.9199,0.8000
2,causal_multiscale_reasoning,patterns,synthesis,21,0.9213,0.8000
2,causal_multiscale_reasoning,patterns,synthesis,22,0.9062,0.8000
2,causal_multiscale_reasoning,patterns,synthesis,23,0.8933,0.8000
2,causal_multiscale_reasoning,patterns,synthesis,24,0.8969,0.8000
2,causal_multiscale_reasoning,patterns,synthesis,28,0.9377,0.8000
2,causal_multiscale_reasoning,patterns,synthesis,29,0.9427,0.8000
2,causal_multiscale_reasoning,patterns,synthesis,30,0.9525,0.8000
2,causal_multiscale_reasoning,patterns,synthesis,31,0.9594,0.8000
2,causal_multiscale_reasoning,patterns,synthesis,32,0.9666,0.8000
2,causal_multiscale_reasoning,patterns,synthesis,36,0.8774,0.8000
2,causal_multiscale_reasoning,synthesis,answer,0,0.6657,0.8000
2,causal_multiscale_reasoning,synthesis,answer,1,0.9664,0.8000
2,causal_multiscale_reasoning,synthesis,answer,2,0.9706,0.8000
2,causal_multiscale_reasoning,synthesis,answer,3,0.9692,0.8000
2,causal_multiscale_reasoning,synthesis,answer,4,0.9609,0.8000
2,causal_multiscale_reasoning,synthesis,answer,5,0.9693,0.8000
2,causal_multiscale_reasoning,synthesis,answer,6,0.9741,0.8000
2,causal_multiscale_reasoning,synthesis,answer,7,0.9753,0.8000
2,causal_multiscale_reasoning,synthesis,answer,8,0.9697,0.8000
2,causal_multiscale_reasoning,synthesis,answer,9,0.9651,0.8000
2,causal_multiscale_reasoning,synthesis,answer,10,0.9626,0.8000
2,causal_multiscale_reasoning,synthesis,answer,20,0.9181,0.8000
2,causal_multiscale_reasoning,synthesis,answer,21,0.9206,0.8000
2,causal_multiscale_reasoning,synthesis,answer,22,0.9102,0.8000
2,causal_multiscale_reasoning,synthesis,answer,23,0.8984,0.8000
2,causal_multiscale_reasoning,synthesis,answer,24,0.9024,0.8000
2,causal_multiscale_reasoning,synthesis,answer,28,0.9389,0.8000
2,causal_multiscale_reasoning,synthesis,answer,29,0.9413,0.8000
2,causal_multiscale_reasoning,synthesis,answer,30,0.9499,0.8000
2,causal_multiscale_reasoning,synthesis,answer,31,0.9566,0.8000
2,causal_multiscale_reasoning,synthesis,answer,32,0.9630,0.8000
2,causal_multiscale_reasoning,synthesis,answer,36,0.7456,0.8000
2,causal_multiscale_reasoning,brainstorm,answer,0,0.6871,0.8000
2,causal_multiscale_reasoning,brainstorm,answer,1,0.9619,0.8000
2,causal_multiscale_reasoning,brainstorm,answer,2,0.9629,0.8000
2,causal_multiscale_reasoning,brainstorm,answer,3,0.9551,0.8000
2,causal_multiscale_reasoning,brainstorm,answer,4,0.9478,0.8000
2,causal_multiscale_reasoning,brainstorm,answer,5,0.9563,0.8000
2,causal_multiscale_reasoning,brainstorm,answer,6,0.9586,0.8000
2,causal_multiscale_reasoning,brainstorm,answer,7,0.1571,0.8000
2,causal_multiscale_reasoning,brainstorm,answer,8,0.1789,0.8000
2,causal_multiscale_reasoning,brainstorm,answer,9,0.1916,0.8000
2,causal_multiscale_reasoning,brainstorm,answer,10,0.2125,0.8000
2,causal_multiscale_reasoning,brainstorm,answer,20,0.4322,0.8000
2,causal_multiscale_reasoning,brainstorm,answer,21,0.4536,0.8000
2,causal_multiscale_reasoning,brainstorm,answer,22,0.4633,0.8000
2,causal_multiscale_reasoning,brainstorm,answer,23,0.4937,0.8000
2,causal_multiscale_reasoning,brainstorm,answer,24,0.5589,0.8000
2,causal_multiscale_reasoning,brainstorm,answer,28,0.7338,0.8000
2,causal_multiscale_reasoning,brainstorm,answer,29,0.7624,0.8000
2,causal_multiscale_reasoning,brainstorm,answer,30,0.7935,0.8000
2,causal_multiscale_reasoning,brainstorm,answer,31,0.8267,0.8000
2,causal_multiscale_reasoning,brainstorm,answer,32,0.8509,0.8000
2,causal_multiscale_reasoning,brainstorm,answer,36,0.8643,0.8000
2,causal_multiscale_reasoning,graph,answer,0,0.6470,0.8000
2,causal_multiscale_reasoning,graph,answer,1,0.9598,0.8000
2,causal_multiscale_reasoning,graph,answer,2,0.9597,0.8000
2,causal_multiscale_reasoning,graph,answer,3,0.9556,0.8000
2,causal_multiscale_reasoning,graph,answer,4,0.9462,0.8000
2,causal_multiscale_reasoning,graph,answer,5,0.9555,0.8000
2,causal_multiscale_reasoning,graph,answer,6,0.9604,0.8000
2,causal_multiscale_reasoning,graph,answer,7,0.9616,0.8000
2,causal_multiscale_reasoning,graph,answer,8,0.9545,0.8000
2,causal_multiscale_reasoning,graph,answer,9,0.9475,0.8000
2,causal_multiscale_reasoning,graph,answer,10,0.9398,0.8000
2,causal_multiscale_reasoning,graph,answer,20,0.8747,0.8000
2,causal_multiscale_reasoning,graph,answer,21,0.8807,0.8000
2,causal_multiscale_reasoning,graph,answer,22,0.8657,0.8000
2,causal_multiscale_reasoning,graph,answer,23,0.8553,0.8000
2,causal_multiscale_reasoning,graph,answer,24,0.8620,0.8000
2,causal_multiscale_reasoning,graph,answer,28,0.9200,0.8000
2,causal_multiscale_reasoning,graph,answer,29,0.9260,0.8000
2,causal_multiscale_reasoning,graph,answer,30,0.9360,0.8000
2,causal_multiscale_reasoning,graph,answer,31,0.9462,0.8000
2,causal_multiscale_reasoning,graph,answer,32,0.9546,0.8000
2,causal_multiscale_reasoning,graph,answer,36,0.8712,0.8000
3,hidden_variable_identification,graph,synthesis,0,0.6769,0.5455
3,hidden_variable_identification,graph,synthesis,1,0.9637,0.5455
3,hidden_variable_identification,graph,synthesis,2,0.9602,0.5455
3,hidden_variable_identification,graph,synthesis,3,0.9396,0.5455
3,hidden_variable_identification,graph,synthesis,4,0.9433,0.5455
3,hidden_variable_identification,graph,synthesis,5,0.9518,0.5455
3,hidden_variable_identification,graph,synthesis,6,0.9623,0.5455
3,hidden_variable_identification,graph,synthesis,7,0.9658,0.5455
3,hidden_variable_identification,graph,synthesis,8,0.9579,0.5455
3,hidden_variable_identification,graph,synthesis,9,0.9459,0.5455
3,hidden_variable_identification,graph,synthesis,10,0.9443,0.5455
3,hidden_variable_identification,graph,synthesis,20,0.9048,0.5455
3,hidden_variable_identification,graph,synthesis,21,0.9041,0.5455
3,hidden_variable_identification,graph,synthesis,22,0.8859,0.5455
3,hidden_variable_identification,graph,synthesis,23,0.8761,0.5455
3,hidden_variable_identification,graph,synthesis,24,0.8764,0.5455
3,hidden_variable_identification,graph,synthesis,28,0.9166,0.5455
3,hidden_variable_identification,graph,synthesis,29,0.9193,0.5455
3,hidden_variable_identification,graph,synthesis,30,0.9300,0.5455
3,hidden_variable_identification,graph,synthesis,31,0.9404,0.5455
3,hidden_variable_identification,graph,synthesis,32,0.9498,0.5455
3,hidden_variable_identification,graph,synthesis,36,0.7891,0.5455
3,hidden_variable_identification,patterns,synthesis,0,0.7911,0.5455
3,hidden_variable_identification,patterns,synthesis,1,0.9740,0.5455
3,hidden_variable_identification,patterns,synthesis,2,0.9764,0.5455
3,hidden_variable_identification,patterns,synthesis,3,0.9680,0.5455
3,hidden_variable_identification,patterns,synthesis,4,0.9682,0.5455
3,hidden_variable_identification,patterns,synthesis,5,0.9748,0.5455
3,hidden_variable_identification,patterns,synthesis,6,0.9794,0.5455
3,hidden_variable_identification,patterns,synthesis,7,0.9787,0.5455
3,hidden_variable_identification,patterns,synthesis,8,0.9714,0.5455
3,hidden_variable_identification,patterns,synthesis,9,0.9643,0.5455
3,hidden_variable_identification,patterns,synthesis,10,0.9626,0.5455
3,hidden_variable_identification,patterns,synthesis,20,0.9375,0.5455
3,hidden_variable_identification,patterns,synthesis,21,0.9385,0.5455
3,hidden_variable_identification,patterns,synthesis,22,0.9301,0.5455
3,hidden_variable_identification,patterns,synthesis,23,0.9240,0.5455
3,hidden_variable_identification,patterns,synthesis,24,0.9258,0.5455
3,hidden_variable_identification,patterns,synthesis,28,0.9523,0.5455
3,hidden_variable_identification,patterns,synthesis,29,0.9525,0.5455
3,hidden_variable_identification,patterns,synthesis,30,0.9592,0.5455
3,hidden_variable_identification,patterns,synthesis,31,0.9665,0.5455
3,hidden_variable_identification,patterns,synthesis,32,0.9710,0.5455
3,hidden_variable_identification,patterns,synthesis,36,0.9461,0.5455
3,hidden_variable_identification,synthesis,answer,0,0.7688,0.5455
3,hidden_variable_identification,synthesis,answer,1,0.9787,0.5455
3,hidden_variable_identification,synthesis,answer,2,0.9744,0.5455
3,hidden_variable_identification,synthesis,answer,3,0.9720,0.5455
3,hidden_variable_identification,synthesis,answer,4,0.9716,0.5455
3,hidden_variable_identification,synthesis,answer,5,0.9752,0.5455
3,hidden_variable_identification,synthesis,answer,6,0.9782,0.5455
3,hidden_variable_identification,synthesis,answer,7,0.9778,0.5455
3,hidden_variable_identification,synthesis,answer,8,0.9723,0.5455
3,hidden_variable_identification,synthesis,answer,9,0.9661,0.5455
3,hidden_variable_identification,synthesis,answer,10,0.9645,0.5455
3,hidden_variable_identification,synthesis,answer,20,0.9597,0.5455
3,hidden_variable_identification,synthesis,answer,21,0.9602,0.5455
3,hidden_variable_identification,synthesis,answer,22,0.9526,0.5455
3,hidden_variable_identification,synthesis,answer,23,0.9503,0.5455
3,hidden_variable_identification,synthesis,answer,24,0.9516,0.5455
3,hidden_variable_identification,synthesis,answer,28,0.9667,0.5455
3,hidden_variable_identification,synthesis,answer,29,0.9685,0.5455
3,hidden_variable_identification,synthesis,answer,30,0.9735,0.5455
3,hidden_variable_identification,synthesis,answer,31,0.9775,0.5455
3,hidden_variable_identification,synthesis,answer,32,0.9809,0.5455
3,hidden_variable_identification,synthesis,answer,36,0.8910,0.5455
3,hidden_variable_identification,brainstorm,answer,0,0.6775,0.5455
3,hidden_variable_identification,brainstorm,answer,1,0.9614,0.5455
3,hidden_variable_identification,brainstorm,answer,2,0.9592,0.5455
3,hidden_variable_identification,brainstorm,answer,3,0.9477,0.5455
3,hidden_variable_identification,brainstorm,answer,4,0.9402,0.5455
3,hidden_variable_identification,brainstorm,answer,5,0.9506,0.5455
3,hidden_variable_identification,brainstorm,answer,6,0.9557,0.5455
3,hidden_variable_identification,brainstorm,answer,7,0.1524,0.5455
3,hidden_variable_identification,brainstorm,answer,8,0.1764,0.5455
3,hidden_variable_identification,brainstorm,answer,9,0.1884,0.5455
3,hidden_variable_identification,brainstorm,answer,10,0.2060,0.5455
3,hidden_variable_identification,brainstorm,answer,20,0.4314,0.5455
3,hidden_variable_identification,brainstorm,answer,21,0.4546,0.5455
3,hidden_variable_identification,brainstorm,answer,22,0.4541,0.5455
3,hidden_variable_identification,brainstorm,answer,23,0.4938,0.5455
3,hidden_variable_identification,brainstorm,answer,24,0.5590,0.5455
3,hidden_variable_identification,brainstorm,answer,28,0.7154,0.5455
3,hidden_variable_identification,brainstorm,answer,29,0.7426,0.5455
3,hidden_variable_identification,brainstorm,answer,30,0.7755,0.5455
3,hidden_variable_identification,brainstorm,answer,31,0.8108,0.5455
3,hidden_variable_identification,brainstorm,answer,32,0.8374,0.5455
3,hidden_variable_identification,brainstorm,answer,36,0.8603,0.5455
3,hidden_variable_identification,graph,answer,0,0.6338,0.5455
3,hidden_variable_identification,graph,answer,1,0.9625,0.5455
3,hidden_variable_identification,graph,answer,2,0.9585,0.5455
3,hidden_variable_identification,graph,answer,3,0.9513,0.5455
3,hidden_variable_identification,graph,answer,4,0.9455,0.5455
3,hidden_variable_identification,graph,answer,5,0.9510,0.5455
3,hidden_variable_identification,graph,answer,6,0.9597,0.5455
3,hidden_variable_identification,graph,answer,7,0.9608,0.5455
3,hidden_variable_identification,graph,answer,8,0.9477,0.5455
3,hidden_variable_identification,graph,answer,9,0.9318,0.5455
3,hidden_variable_identification,graph,answer,10,0.9278,0.5455
3,hidden_variable_identification,graph,answer,20,0.8778,0.5455
3,hidden_variable_identification,graph,answer,21,0.8767,0.5455
3,hidden_variable_identification,graph,answer,22,0.8519,0.5455
3,hidden_variable_identification,graph,answer,23,0.8514,0.5455
3,hidden_variable_identification,graph,answer,24,0.8512,0.5455
3,hidden_variable_identification,graph,answer,28,0.8932,0.5455
3,hidden_variable_identification,graph,answer,29,0.8966,0.5455
3,hidden_variable_identification,graph,answer,30,0.9083,0.5455
3,hidden_variable_identification,graph,answer,31,0.9220,0.5455
3,hidden_variable_identification,graph,answer,32,0.9342,0.5455
3,hidden_variable_identification,graph,answer,36,0.8034,0.5455
4,model_abstraction_and_breakdown,graph,synthesis,0,0.6332,0.5714
4,model_abstraction_and_breakdown,graph,synthesis,1,0.9575,0.5714
4,model_abstraction_and_breakdown,graph,synthesis,2,0.9567,0.5714
4,model_abstraction_and_breakdown,graph,synthesis,3,0.9505,0.5714
4,model_abstraction_and_breakdown,graph,synthesis,4,0.9437,0.5714
4,model_abstraction_and_breakdown,graph,synthesis,5,0.9525,0.5714
4,model_abstraction_and_breakdown,graph,synthesis,6,0.9559,0.5714
4,model_abstraction_and_breakdown,graph,synthesis,7,0.9510,0.5714
4,model_abstraction_and_breakdown,graph,synthesis,8,0.9374,0.5714
4,model_abstraction_and_breakdown,graph,synthesis,9,0.9263,0.5714
4,model_abstraction_and_breakdown,graph,synthesis,10,0.9227,0.5714
4,model_abstraction_and_breakdown,graph,synthesis,20,0.8854,0.5714
4,model_abstraction_and_breakdown,graph,synthesis,21,0.8943,0.5714
4,model_abstraction_and_breakdown,graph,synthesis,22,0.8795,0.5714
4,model_abstraction_and_breakdown,graph,synthesis,23,0.8778,0.5714
4,model_abstraction_and_breakdown,graph,synthesis,24,0.8781,0.5714
4,model_abstraction_and_breakdown,graph,synthesis,28,0.9190,0.5714
4,model_abstraction_and_breakdown,graph,synthesis,29,0.9221,0.5714
4,model_abstraction_and_breakdown,graph,synthesis,30,0.9341,0.5714
4,model_abstraction_and_breakdown,graph,synthesis,31,0.9445,0.5714
4,model_abstraction_and_breakdown,graph,synthesis,32,0.9525,0.5714
4,model_abstraction_and_breakdown,graph,synthesis,36,0.8752,0.5714
4,model_abstraction_and_breakdown,patterns,synthesis,0,0.7071,0.5714
4,model_abstraction_and_breakdown,patterns,synthesis,1,0.9608,0.5714
4,model_abstraction_and_breakdown,patterns,synthesis,2,0.9623,0.5714
4,model_abstraction_and_breakdown,patterns,synthesis,3,0.9575,0.5714
4,model_abstraction_and_breakdown,patterns,synthesis,4,0.9487,0.5714
4,model_abstraction_and_breakdown,patterns,synthesis,5,0.9550,0.5714
4,model_abstraction_and_breakdown,patterns,synthesis,6,0.9603,0.5714
4,model_abstraction_and_breakdown,patterns,synthesis,7,0.9542,0.5714
4,model_abstraction_and_breakdown,patterns,synthesis,8,0.9423,0.5714
4,model_abstraction_and_breakdown,patterns,synthesis,9,0.9345,0.5714
4,model_abstraction_and_breakdown,patterns,synthesis,10,0.9316,0.5714
4,model_abstraction_and_breakdown,patterns,synthesis,20,0.8923,0.5714
4,model_abstraction_and_breakdown,patterns,synthesis,21,0.8952,0.5714
4,model_abstraction_and_breakdown,patterns,synthesis,22,0.8777,0.5714
4,model_abstraction_and_breakdown,patterns,synthesis,23,0.8750,0.5714
4,model_abstraction_and_breakdown,patterns,synthesis,24,0.8782,0.5714
4,model_abstraction_and_breakdown,patterns,synthesis,28,0.9101,0.5714
4,model_abstraction_and_breakdown,patterns,synthesis,29,0.9124,0.5714
4,model_abstraction_and_breakdown,patterns,synthesis,30,0.9239,0.5714
4,model_abstraction_and_breakdown,patterns,synthesis,31,0.9329,0.5714
4,model_abstraction_and_breakdown,patterns,synthesis,32,0.9416,0.5714
4,model_abstraction_and_breakdown,patterns,synthesis,36,0.8544,0.5714
5,tradeoff_and_non_monotonicity,graph,synthesis,0,0.6586,0.6154
5,tradeoff_and_non_monotonicity,graph,synthesis,1,0.9623,0.6154
5,tradeoff_and_non_monotonicity,graph,synthesis,2,0.9636,0.6154
5,tradeoff_and_non_monotonicity,graph,synthesis,3,0.9314,0.6154
5,tradeoff_and_non_monotonicity,graph,synthesis,4,0.9339,0.6154
5,tradeoff_and_non_monotonicity,graph,synthesis,5,0.9493,0.6154
5,tradeoff_and_non_monotonicity,graph,synthesis,6,0.9589,0.6154
5,tradeoff_and_non_monotonicity,graph,synthesis,7,0.9593,0.6154
5,tradeoff_and_non_monotonicity,graph,synthesis,8,0.9531,0.6154
5,tradeoff_and_non_monotonicity,graph,synthesis,9,0.9437,0.6154
5,tradeoff_and_non_monotonicity,graph,synthesis,10,0.9391,0.6154
5,tradeoff_and_non_monotonicity,graph,synthesis,20,0.8906,0.6154
5,tradeoff_and_non_monotonicity,graph,synthesis,21,0.8935,0.6154
5,tradeoff_and_non_monotonicity,graph,synthesis,22,0.8793,0.6154
5,tradeoff_and_non_monotonicity,graph,synthesis,23,0.8693,0.6154
5,tradeoff_and_non_monotonicity,graph,synthesis,24,0.8691,0.6154
5,tradeoff_and_non_monotonicity,graph,synthesis,28,0.9132,0.6154
5,tradeoff_and_non_monotonicity,graph,synthesis,29,0.9186,0.6154
5,tradeoff_and_non_monotonicity,graph,synthesis,30,0.9293,0.6154
5,tradeoff_and_non_monotonicity,graph,synthesis,31,0.9380,0.6154
5,tradeoff_and_non_monotonicity,graph,synthesis,32,0.9471,0.6154
5,tradeoff_and_non_monotonicity,graph,synthesis,36,0.8459,0.6154
5,tradeoff_and_non_monotonicity,patterns,synthesis,0,0.6857,0.6154
5,tradeoff_and_non_monotonicity,patterns,synthesis,1,0.9653,0.6154
5,tradeoff_and_non_monotonicity,patterns,synthesis,2,0.9676,0.6154
5,tradeoff_and_non_monotonicity,patterns,synthesis,3,0.9373,0.6154
5,tradeoff_and_non_monotonicity,patterns,synthesis,4,0.9424,0.6154
5,tradeoff_and_non_monotonicity,patterns,synthesis,5,0.9545,0.6154
5,tradeoff_and_non_monotonicity,patterns,synthesis,6,0.9643,0.6154
5,tradeoff_and_non_monotonicity,patterns,synthesis,7,0.9651,0.6154
5,tradeoff_and_non_monotonicity,patterns,synthesis,8,0.9604,0.6154
5,tradeoff_and_non_monotonicity,patterns,synthesis,9,0.9521,0.6154
5,tradeoff_and_non_monotonicity,patterns,synthesis,10,0.9497,0.6154
5,tradeoff_and_non_monotonicity,patterns,synthesis,20,0.9109,0.6154
5,tradeoff_and_non_monotonicity,patterns,synthesis,21,0.9108,0.6154
5,tradeoff_and_non_monotonicity,patterns,synthesis,22,0.9008,0.6154
5,tradeoff_and_non_monotonicity,patterns,synthesis,23,0.8920,0.6154
5,tradeoff_and_non_monotonicity,patterns,synthesis,24,0.8928,0.6154
5,tradeoff_and_non_monotonicity,patterns,synthesis,28,0.9285,0.6154
5,tradeoff_and_non_monotonicity,patterns,synthesis,29,0.9295,0.6154
5,tradeoff_and_non_monotonicity,patterns,synthesis,30,0.9378,0.6154
5,tradeoff_and_non_monotonicity,patterns,synthesis,31,0.9464,0.6154
5,tradeoff_and_non_monotonicity,patterns,synthesis,32,0.9537,0.6154
5,tradeoff_and_non_monotonicity,patterns,synthesis,36,0.8813,0.6154
5,tradeoff_and_non_monotonicity,synthesis,answer,0,0.6448,0.6154
5,tradeoff_and_non_monotonicity,synthesis,answer,1,0.9638,0.6154
5,tradeoff_and_non_monotonicity,synthesis,answer,2,0.9655,0.6154
5,tradeoff_and_non_monotonicity,synthesis,answer,3,0.9641,0.6154
5,tradeoff_and_non_monotonicity,synthesis,answer,4,0.9545,0.6154
5,tradeoff_and_non_monotonicity,synthesis,answer,5,0.9629,0.6154
5,tradeoff_and_non_monotonicity,synthesis,answer,6,0.9666,0.6154
5,tradeoff_and_non_monotonicity,synthesis,answer,7,0.9681,0.6154
5,tradeoff_and_non_monotonicity,synthesis,answer,8,0.9598,0.6154
5,tradeoff_and_non_monotonicity,synthesis,answer,9,0.9498,0.6154
5,tradeoff_and_non_monotonicity,synthesis,answer,10,0.9435,0.6154
5,tradeoff_and_non_monotonicity,synthesis,answer,20,0.9228,0.6154
5,tradeoff_and_non_monotonicity,synthesis,answer,21,0.9257,0.6154
5,tradeoff_and_non_monotonicity,synthesis,answer,22,0.9183,0.6154
5,tradeoff_and_non_monotonicity,synthesis,answer,23,0.9169,0.6154
5,tradeoff_and_non_monotonicity,synthesis,answer,24,0.9176,0.6154
5,tradeoff_and_non_monotonicity,synthesis,answer,28,0.9474,0.6154
5,tradeoff_and_non_monotonicity,synthesis,answer,29,0.9478,0.6154
5,tradeoff_and_non_monotonicity,synthesis,answer,30,0.9544,0.6154
5,tradeoff_and_non_monotonicity,synthesis,answer,31,0.9608,0.6154
5,tradeoff_and_non_monotonicity,synthesis,answer,32,0.9661,0.6154
5,tradeoff_and_non_monotonicity,synthesis,answer,36,0.8861,0.6154
5,tradeoff_and_non_monotonicity,brainstorm,answer,0,0.6627,0.6154
5,tradeoff_and_non_monotonicity,brainstorm,answer,1,0.9674,0.6154
5,tradeoff_and_non_monotonicity,brainstorm,answer,2,0.9589,0.6154
5,tradeoff_and_non_monotonicity,brainstorm,answer,3,0.9466,0.6154
5,tradeoff_and_non_monotonicity,brainstorm,answer,4,0.9339,0.6154
5,tradeoff_and_non_monotonicity,brainstorm,answer,5,0.9490,0.6154
5,tradeoff_and_non_monotonicity,brainstorm,answer,6,0.9490,0.6154
5,tradeoff_and_non_monotonicity,brainstorm,answer,7,0.1519,0.6154
5,tradeoff_and_non_monotonicity,brainstorm,answer,8,0.1736,0.6154
5,tradeoff_and_non_monotonicity,brainstorm,answer,9,0.1860,0.6154
5,tradeoff_and_non_monotonicity,brainstorm,answer,10,0.2068,0.6154
5,tradeoff_and_non_monotonicity,brainstorm,answer,20,0.4387,0.6154
5,tradeoff_and_non_monotonicity,brainstorm,answer,21,0.4606,0.6154
5,tradeoff_and_non_monotonicity,brainstorm,answer,22,0.4669,0.6154
5,tradeoff_and_non_monotonicity,brainstorm,answer,23,0.5103,0.6154
5,tradeoff_and_non_monotonicity,brainstorm,answer,24,0.5657,0.6154
5,tradeoff_and_non_monotonicity,brainstorm,answer,28,0.7232,0.6154
5,tradeoff_and_non_monotonicity,brainstorm,answer,29,0.7460,0.6154
5,tradeoff_and_non_monotonicity,brainstorm,answer,30,0.7796,0.6154
5,tradeoff_and_non_monotonicity,brainstorm,answer,31,0.8127,0.6154
5,tradeoff_and_non_monotonicity,brainstorm,answer,32,0.8382,0.6154
5,tradeoff_and_non_monotonicity,brainstorm,answer,36,0.8666,0.6154
5,tradeoff_and_non_monotonicity,graph,answer,0,0.6760,0.6154
5,tradeoff_and_non_monotonicity,graph,answer,1,0.9646,0.6154
5,tradeoff_and_non_monotonicity,graph,answer,2,0.9614,0.6154
5,tradeoff_and_non_monotonicity,graph,answer,3,0.9535,0.6154
5,tradeoff_and_non_monotonicity,graph,answer,4,0.9444,0.6154
5,tradeoff_and_non_monotonicity,graph,answer,5,0.9558,0.6154
5,tradeoff_and_non_monotonicity,graph,answer,6,0.9583,0.6154
5,tradeoff_and_non_monotonicity,graph,answer,7,0.9598,0.6154
5,tradeoff_and_non_monotonicity,graph,answer,8,0.9461,0.6154
5,tradeoff_and_non_monotonicity,graph,answer,9,0.9336,0.6154
5,tradeoff_and_non_monotonicity,graph,answer,10,0.9273,0.6154
5,tradeoff_and_non_monotonicity,graph,answer,20,0.8730,0.6154
5,tradeoff_and_non_monotonicity,graph,answer,21,0.8814,0.6154
5,tradeoff_and_non_monotonicity,graph,answer,22,0.8688,0.6154
5,tradeoff_and_non_monotonicity,graph,answer,23,0.8637,0.6154
5,tradeoff_and_non_monotonicity,graph,answer,24,0.8652,0.6154
5,tradeoff_and_non_monotonicity,graph,answer,28,0.9240,0.6154
5,tradeoff_and_non_monotonicity,graph,answer,29,0.9262,0.6154
5,tradeoff_and_non_monotonicity,graph,answer,30,0.9367,0.6154
5,tradeoff_and_non_monotonicity,graph,answer,31,0.9454,0.6154
5,tradeoff_and_non_monotonicity,graph,answer,32,0.9530,0.6154
5,tradeoff_and_non_monotonicity,graph,answer,36,0.8627,0.6154
6,tradeoff_and_non_monotonicity,graph,synthesis,0,0.5988,0.3636
6,tradeoff_and_non_monotonicity,graph,synthesis,1,0.9505,0.3636
6,tradeoff_and_non_monotonicity,graph,synthesis,2,0.9559,0.3636
6,tradeoff_and_non_monotonicity,graph,synthesis,3,0.9462,0.3636
6,tradeoff_and_non_monotonicity,graph,synthesis,4,0.9312,0.3636
6,tradeoff_and_non_monotonicity,graph,synthesis,5,0.9501,0.3636
6,tradeoff_and_non_monotonicity,graph,synthesis,6,0.9574,0.3636
6,tradeoff_and_non_monotonicity,graph,synthesis,7,0.9607,0.3636
6,tradeoff_and_non_monotonicity,graph,synthesis,8,0.9507,0.3636
6,tradeoff_and_non_monotonicity,graph,synthesis,9,0.9425,0.3636
6,tradeoff_and_non_monotonicity,graph,synthesis,10,0.9368,0.3636
6,tradeoff_and_non_monotonicity,graph,synthesis,20,0.8668,0.3636
6,tradeoff_and_non_monotonicity,graph,synthesis,21,0.8715,0.3636
6,tradeoff_and_non_monotonicity,graph,synthesis,22,0.8567,0.3636
6,tradeoff_and_non_monotonicity,graph,synthesis,23,0.8379,0.3636
6,tradeoff_and_non_monotonicity,graph,synthesis,24,0.8408,0.3636
6,tradeoff_and_non_monotonicity,graph,synthesis,28,0.9025,0.3636
6,tradeoff_and_non_monotonicity,graph,synthesis,29,0.9091,0.3636
6,tradeoff_and_non_monotonicity,graph,synthesis,30,0.9214,0.3636
6,tradeoff_and_non_monotonicity,graph,synthesis,31,0.9326,0.3636
6,tradeoff_and_non_monotonicity,graph,synthesis,32,0.9418,0.3636
6,tradeoff_and_non_monotonicity,graph,synthesis,36,0.7673,0.3636
6,tradeoff_and_non_monotonicity,patterns,synthesis,0,0.6293,0.3636
6,tradeoff_and_non_monotonicity,patterns,synthesis,1,0.9651,0.3636
6,tradeoff_and_non_monotonicity,patterns,synthesis,2,0.9686,0.3636
6,tradeoff_and_non_monotonicity,patterns,synthesis,3,0.9626,0.3636
6,tradeoff_and_non_monotonicity,patterns,synthesis,4,0.9567,0.3636
6,tradeoff_and_non_monotonicity,patterns,synthesis,5,0.9672,0.3636
6,tradeoff_and_non_monotonicity,patterns,synthesis,6,0.9713,0.3636
6,tradeoff_and_non_monotonicity,patterns,synthesis,7,0.9745,0.3636
6,tradeoff_and_non_monotonicity,patterns,synthesis,8,0.9693,0.3636
6,tradeoff_and_non_monotonicity,patterns,synthesis,9,0.9639,0.3636
6,tradeoff_and_non_monotonicity,patterns,synthesis,10,0.9611,0.3636
6,tradeoff_and_non_monotonicity,patterns,synthesis,20,0.9181,0.3636
6,tradeoff_and_non_monotonicity,patterns,synthesis,21,0.9231,0.3636
6,tradeoff_and_non_monotonicity,patterns,synthesis,22,0.9154,0.3636
6,tradeoff_and_non_monotonicity,patterns,synthesis,23,0.9043,0.3636
6,tradeoff_and_non_monotonicity,patterns,synthesis,24,0.9038,0.3636
6,tradeoff_and_non_monotonicity,patterns,synthesis,28,0.9312,0.3636
6,tradeoff_and_non_monotonicity,patterns,synthesis,29,0.9344,0.3636
6,tradeoff_and_non_monotonicity,patterns,synthesis,30,0.9435,0.3636
6,tradeoff_and_non_monotonicity,patterns,synthesis,31,0.9517,0.3636
6,tradeoff_and_non_monotonicity,patterns,synthesis,32,0.9580,0.3636
6,tradeoff_and_non_monotonicity,patterns,synthesis,36,0.7387,0.3636
6,tradeoff_and_non_monotonicity,synthesis,answer,0,0.6164,0.3636
6,tradeoff_and_non_monotonicity,synthesis,answer,1,0.9580,0.3636
6,tradeoff_and_non_monotonicity,synthesis,answer,2,0.9631,0.3636
6,tradeoff_and_non_monotonicity,synthesis,answer,3,0.9590,0.3636
6,tradeoff_and_non_monotonicity,synthesis,answer,4,0.9547,0.3636
6,tradeoff_and_non_monotonicity,synthesis,answer,5,0.9624,0.3636
6,tradeoff_and_non_monotonicity,synthesis,answer,6,0.9679,0.3636
6,tradeoff_and_non_monotonicity,synthesis,answer,7,0.9686,0.3636
6,tradeoff_and_non_monotonicity,synthesis,answer,8,0.9613,0.3636
6,tradeoff_and_non_monotonicity,synthesis,answer,9,0.9511,0.3636
6,tradeoff_and_non_monotonicity,synthesis,answer,10,0.9472,0.3636
6,tradeoff_and_non_monotonicity,synthesis,answer,20,0.9055,0.3636
6,tradeoff_and_non_monotonicity,synthesis,answer,21,0.9076,0.3636
6,tradeoff_and_non_monotonicity,synthesis,answer,22,0.8913,0.3636
6,tradeoff_and_non_monotonicity,synthesis,answer,23,0.8811,0.3636
6,tradeoff_and_non_monotonicity,synthesis,answer,24,0.8750,0.3636
6,tradeoff_and_non_monotonicity,synthesis,answer,28,0.9150,0.3636
6,tradeoff_and_non_monotonicity,synthesis,answer,29,0.9163,0.3636
6,tradeoff_and_non_monotonicity,synthesis,answer,30,0.9287,0.3636
6,tradeoff_and_non_monotonicity,synthesis,answer,31,0.9389,0.3636
6,tradeoff_and_non_monotonicity,synthesis,answer,32,0.9478,0.3636
6,tradeoff_and_non_monotonicity,synthesis,answer,36,0.8908,0.3636
6,tradeoff_and_non_monotonicity,brainstorm,answer,0,0.6874,0.3636
6,tradeoff_and_non_monotonicity,brainstorm,answer,1,0.9595,0.3636
6,tradeoff_and_non_monotonicity,brainstorm,answer,2,0.9604,0.3636
6,tradeoff_and_non_monotonicity,brainstorm,answer,3,0.9501,0.3636
6,tradeoff_and_non_monotonicity,brainstorm,answer,4,0.9467,0.3636
6,tradeoff_and_non_monotonicity,brainstorm,answer,5,0.9589,0.3636
6,tradeoff_and_non_monotonicity,brainstorm,answer,6,0.9672,0.3636
6,tradeoff_and_non_monotonicity,brainstorm,answer,7,0.1575,0.3636
6,tradeoff_and_non_monotonicity,brainstorm,answer,8,0.1794,0.3636
6,tradeoff_and_non_monotonicity,brainstorm,answer,9,0.1941,0.3636
6,tradeoff_and_non_monotonicity,brainstorm,answer,10,0.2169,0.3636
6,tradeoff_and_non_monotonicity,brainstorm,answer,20,0.4330,0.3636
6,tradeoff_and_non_monotonicity,brainstorm,answer,21,0.4566,0.3636
6,tradeoff_and_non_monotonicity,brainstorm,answer,22,0.4640,0.3636
6,tradeoff_and_non_monotonicity,brainstorm,answer,23,0.4946,0.3636
6,tradeoff_and_non_monotonicity,brainstorm,answer,24,0.5582,0.3636
6,tradeoff_and_non_monotonicity,brainstorm,answer,28,0.7341,0.3636
6,tradeoff_and_non_monotonicity,brainstorm,answer,29,0.7622,0.3636
6,tradeoff_and_non_monotonicity,brainstorm,answer,30,0.7980,0.3636
6,tradeoff_and_non_monotonicity,brainstorm,answer,31,0.8328,0.3636
6,tradeoff_and_non_monotonicity,brainstorm,answer,32,0.8572,0.3636
6,tradeoff_and_non_monotonicity,brainstorm,answer,36,0.9077,0.3636
6,tradeoff_and_non_monotonicity,graph,answer,0,0.6186,0.3636
6,tradeoff_and_non_monotonicity,graph,answer,1,0.9501,0.3636
6,tradeoff_and_non_monotonicity,graph,answer,2,0.9578,0.3636
6,tradeoff_and_non_monotonicity,graph,answer,3,0.9533,0.3636
6,tradeoff_and_non_monotonicity,graph,answer,4,0.9451,0.3636
6,tradeoff_and_non_monotonicity,graph,answer,5,0.9579,0.3636
6,tradeoff_and_non_monotonicity,graph,answer,6,0.9644,0.3636
6,tradeoff_and_non_monotonicity,graph,answer,7,0.9652,0.3636
6,tradeoff_and_non_monotonicity,graph,answer,8,0.9556,0.3636
6,tradeoff_and_non_monotonicity,graph,answer,9,0.9451,0.3636
6,tradeoff_and_non_monotonicity,graph,answer,10,0.9394,0.3636
6,tradeoff_and_non_monotonicity,graph,answer,20,0.8900,0.3636
6,tradeoff_and_non_monotonicity,graph,answer,21,0.8928,0.3636
6,tradeoff_and_non_monotonicity,graph,answer,22,0.8781,0.3636
6,tradeoff_and_non_monotonicity,graph,answer,23,0.8686,0.3636
6,tradeoff_and_non_monotonicity,graph,answer,24,0.8712,0.3636
6,tradeoff_and_non_monotonicity,graph,answer,28,0.9154,0.3636
6,tradeoff_and_non_monotonicity,graph,answer,29,0.9182,0.3636
6,tradeoff_and_non_monotonicity,graph,answer,30,0.9295,0.3636
6,tradeoff_and_non_monotonicity,graph,answer,31,0.9387,0.3636
6,tradeoff_and_non_monotonicity,graph,answer,32,0.9467,0.3636
6,tradeoff_and_non_monotonicity,graph,answer,36,0.7994,0.3636
8,tradeoff_and_non_monotonicity,graph,synthesis,0,0.5108,0.3636
8,tradeoff_and_non_monotonicity,graph,synthesis,1,0.9386,0.3636
8,tradeoff_and_non_monotonicity,graph,synthesis,2,0.9388,0.3636
8,tradeoff_and_non_monotonicity,graph,synthesis,3,0.9293,0.3636
8,tradeoff_and_non_monotonicity,graph,synthesis,4,0.9204,0.3636
8,tradeoff_and_non_monotonicity,graph,synthesis,5,0.9383,0.3636
8,tradeoff_and_non_monotonicity,graph,synthesis,6,0.9489,0.3636
8,tradeoff_and_non_monotonicity,graph,synthesis,7,0.9540,0.3636
8,tradeoff_and_non_monotonicity,graph,synthesis,8,0.9447,0.3636
8,tradeoff_and_non_monotonicity,graph,synthesis,9,0.9369,0.3636
8,tradeoff_and_non_monotonicity,graph,synthesis,10,0.9259,0.3636
8,tradeoff_and_non_monotonicity,graph,synthesis,20,0.8542,0.3636
8,tradeoff_and_non_monotonicity,graph,synthesis,21,0.8629,0.3636
8,tradeoff_and_non_monotonicity,graph,synthesis,22,0.8438,0.3636
8,tradeoff_and_non_monotonicity,graph,synthesis,23,0.8095,0.3636
8,tradeoff_and_non_monotonicity,graph,synthesis,24,0.8119,0.3636
8,tradeoff_and_non_monotonicity,graph,synthesis,28,0.8516,0.3636
8,tradeoff_and_non_monotonicity,graph,synthesis,29,0.8618,0.3636
8,tradeoff_and_non_monotonicity,graph,synthesis,30,0.8862,0.3636
8,tradeoff_and_non_monotonicity,graph,synthesis,31,0.8987,0.3636
8,tradeoff_and_non_monotonicity,graph,synthesis,32,0.9140,0.3636
8,tradeoff_and_non_monotonicity,graph,synthesis,36,0.2547,0.3636
8,tradeoff_and_non_monotonicity,patterns,synthesis,0,0.5261,0.3636
8,tradeoff_and_non_monotonicity,patterns,synthesis,1,0.9370,0.3636
8,tradeoff_and_non_monotonicity,patterns,synthesis,2,0.9455,0.3636
8,tradeoff_and_non_monotonicity,patterns,synthesis,3,0.9337,0.3636
8,tradeoff_and_non_monotonicity,patterns,synthesis,4,0.9256,0.3636
8,tradeoff_and_non_monotonicity,patterns,synthesis,5,0.9455,0.3636
8,tradeoff_and_non_monotonicity,patterns,synthesis,6,0.9541,0.3636
8,tradeoff_and_non_monotonicity,patterns,synthesis,7,0.9585,0.3636
8,tradeoff_and_non_monotonicity,patterns,synthesis,8,0.9538,0.3636
8,tradeoff_and_non_monotonicity,patterns,synthesis,9,0.9481,0.3636
8,tradeoff_and_non_monotonicity,patterns,synthesis,10,0.9436,0.3636
8,tradeoff_and_non_monotonicity,patterns,synthesis,20,0.8806,0.3636
8,tradeoff_and_non_monotonicity,patterns,synthesis,21,0.8876,0.3636
8,tradeoff_and_non_monotonicity,patterns,synthesis,22,0.8697,0.3636
8,tradeoff_and_non_monotonicity,patterns,synthesis,23,0.8367,0.3636
8,tradeoff_and_non_monotonicity,patterns,synthesis,24,0.8418,0.3636
8,tradeoff_and_non_monotonicity,patterns,synthesis,28,0.8764,0.3636
8,tradeoff_and_non_monotonicity,patterns,synthesis,29,0.8861,0.3636
8,tradeoff_and_non_monotonicity,patterns,synthesis,30,0.9060,0.3636
8,tradeoff_and_non_monotonicity,patterns,synthesis,31,0.9174,0.3636
8,tradeoff_and_non_monotonicity,patterns,synthesis,32,0.9305,0.3636
8,tradeoff_and_non_monotonicity,patterns,synthesis,36,0.3185,0.3636
8,tradeoff_and_non_monotonicity,synthesis,answer,0,0.6549,0.3636
8,tradeoff_and_non_monotonicity,synthesis,answer,1,0.9570,0.3636
8,tradeoff_and_non_monotonicity,synthesis,answer,2,0.9608,0.3636
8,tradeoff_and_non_monotonicity,synthesis,answer,3,0.9576,0.3636
8,tradeoff_and_non_monotonicity,synthesis,answer,4,0.9503,0.3636
8,tradeoff_and_non_monotonicity,synthesis,answer,5,0.9602,0.3636
8,tradeoff_and_non_monotonicity,synthesis,answer,6,0.9664,0.3636
8,tradeoff_and_non_monotonicity,synthesis,answer,7,0.9670,0.3636
8,tradeoff_and_non_monotonicity,synthesis,answer,8,0.9604,0.3636
8,tradeoff_and_non_monotonicity,synthesis,answer,9,0.9538,0.3636
8,tradeoff_and_non_monotonicity,synthesis,answer,10,0.9531,0.3636
8,tradeoff_and_non_monotonicity,synthesis,answer,20,0.9335,0.3636
8,tradeoff_and_non_monotonicity,synthesis,answer,21,0.9355,0.3636
8,tradeoff_and_non_monotonicity,synthesis,answer,22,0.9251,0.3636
8,tradeoff_and_non_monotonicity,synthesis,answer,23,0.9195,0.3636
8,tradeoff_and_non_monotonicity,synthesis,answer,24,0.9189,0.3636
8,tradeoff_and_non_monotonicity,synthesis,answer,28,0.9442,0.3636
8,tradeoff_and_non_monotonicity,synthesis,answer,29,0.9470,0.3636
8,tradeoff_and_non_monotonicity,synthesis,answer,30,0.9551,0.3636
8,tradeoff_and_non_monotonicity,synthesis,answer,31,0.9618,0.3636
8,tradeoff_and_non_monotonicity,synthesis,answer,32,0.9671,0.3636
8,tradeoff_and_non_monotonicity,synthesis,answer,36,0.7773,0.3636
8,tradeoff_and_non_monotonicity,brainstorm,answer,0,0.6210,0.3636
8,tradeoff_and_non_monotonicity,brainstorm,answer,1,0.9571,0.3636
8,tradeoff_and_non_monotonicity,brainstorm,answer,2,0.9542,0.3636
8,tradeoff_and_non_monotonicity,brainstorm,answer,3,0.9428,0.3636
8,tradeoff_and_non_monotonicity,brainstorm,answer,4,0.9341,0.3636
8,tradeoff_and_non_monotonicity,brainstorm,answer,5,0.9478,0.3636
8,tradeoff_and_non_monotonicity,brainstorm,answer,6,0.9528,0.3636
8,tradeoff_and_non_monotonicity,brainstorm,answer,7,0.1388,0.3636
8,tradeoff_and_non_monotonicity,brainstorm,answer,8,0.1595,0.3636
8,tradeoff_and_non_monotonicity,brainstorm,answer,9,0.1701,0.3636
8,tradeoff_and_non_monotonicity,brainstorm,answer,10,0.1915,0.3636
8,tradeoff_and_non_monotonicity,brainstorm,answer,20,0.4279,0.3636
8,tradeoff_and_non_monotonicity,brainstorm,answer,21,0.4510,0.3636
8,tradeoff_and_non_monotonicity,brainstorm,answer,22,0.4562,0.3636
8,tradeoff_and_non_monotonicity,brainstorm,answer,23,0.4940,0.3636
8,tradeoff_and_non_monotonicity,brainstorm,answer,24,0.5599,0.3636
8,tradeoff_and_non_monotonicity,brainstorm,answer,28,0.7262,0.3636
8,tradeoff_and_non_monotonicity,brainstorm,answer,29,0.7573,0.3636
8,tradeoff_and_non_monotonicity,brainstorm,answer,30,0.7935,0.3636
8,tradeoff_and_non_monotonicity,brainstorm,answer,31,0.8283,0.3636
8,tradeoff_and_non_monotonicity,brainstorm,answer,32,0.8514,0.3636
8,tradeoff_and_non_monotonicity,brainstorm,answer,36,0.8379,0.3636
8,tradeoff_and_non_monotonicity,graph,answer,0,0.6664,0.3636
8,tradeoff_and_non_monotonicity,graph,answer,1,0.9556,0.3636
8,tradeoff_and_non_monotonicity,graph,answer,2,0.9595,0.3636
8,tradeoff_and_non_monotonicity,graph,answer,3,0.9581,0.3636
8,tradeoff_and_non_monotonicity,graph,answer,4,0.9554,0.3636
8,tradeoff_and_non_monotonicity,graph,answer,5,0.9638,0.3636
8,tradeoff_and_non_monotonicity,graph,answer,6,0.9690,0.3636
8,tradeoff_and_non_monotonicity,graph,answer,7,0.9667,0.3636
8,tradeoff_and_non_monotonicity,graph,answer,8,0.9576,0.3636
8,tradeoff_and_non_monotonicity,graph,answer,9,0.9487,0.3636
8,tradeoff_and_non_monotonicity,graph,answer,10,0.9418,0.3636
8,tradeoff_and_non_monotonicity,graph,answer,20,0.8852,0.3636
8,tradeoff_and_non_monotonicity,graph,answer,21,0.8879,0.3636
8,tradeoff_and_non_monotonicity,graph,answer,22,0.8765,0.3636
8,tradeoff_and_non_monotonicity,graph,answer,23,0.8722,0.3636
8,tradeoff_and_non_monotonicity,graph,answer,24,0.8662,0.3636
8,tradeoff_and_non_monotonicity,graph,answer,28,0.9090,0.3636
8,tradeoff_and_non_monotonicity,graph,answer,29,0.9124,0.3636
8,tradeoff_and_non_monotonicity,graph,answer,30,0.9278,0.3636
8,tradeoff_and_non_monotonicity,graph,answer,31,0.9413,0.3636
8,tradeoff_and_non_monotonicity,graph,answer,32,0.9492,0.3636
8,tradeoff_and_non_monotonicity,graph,answer,36,0.9170,0.3636
9,model_abstraction_and_breakdown,graph,synthesis,0,0.6883,0.2500
9,model_abstraction_and_breakdown,graph,synthesis,1,0.9611,0.2500
9,model_abstraction_and_breakdown,graph,synthesis,2,0.9654,0.2500
9,model_abstraction_and_breakdown,graph,synthesis,3,0.9602,0.2500
9,model_abstraction_and_breakdown,graph,synthesis,4,0.9573,0.2500
9,model_abstraction_and_breakdown,graph,synthesis,5,0.9641,0.2500
9,model_abstraction_and_breakdown,graph,synthesis,6,0.9669,0.2500
9,model_abstraction_and_breakdown,graph,synthesis,7,0.9629,0.2500
9,model_abstraction_and_breakdown,graph,synthesis,8,0.9533,0.2500
9,model_abstraction_and_breakdown,graph,synthesis,9,0.9394,0.2500
9,model_abstraction_and_breakdown,graph,synthesis,10,0.9304,0.2500
9,model_abstraction_and_breakdown,graph,synthesis,20,0.8735,0.2500
9,model_abstraction_and_breakdown,graph,synthesis,21,0.8771,0.2500
9,model_abstraction_and_breakdown,graph,synthesis,22,0.8595,0.2500
9,model_abstraction_and_breakdown,graph,synthesis,23,0.8682,0.2500
9,model_abstraction_and_breakdown,graph,synthesis,24,0.8688,0.2500
9,model_abstraction_and_breakdown,graph,synthesis,28,0.9126,0.2500
9,model_abstraction_and_breakdown,graph,synthesis,29,0.9139,0.2500
9,model_abstraction_and_breakdown,graph,synthesis,30,0.9252,0.2500
9,model_abstraction_and_breakdown,graph,synthesis,31,0.9359,0.2500
9,model_abstraction_and_breakdown,graph,synthesis,32,0.9430,0.2500
9,model_abstraction_and_breakdown,graph,synthesis,36,0.9251,0.2500
9,model_abstraction_and_breakdown,patterns,synthesis,0,0.7150,0.2500
9,model_abstraction_and_breakdown,patterns,synthesis,1,0.9674,0.2500
9,model_abstraction_and_breakdown,patterns,synthesis,2,0.9715,0.2500
9,model_abstraction_and_breakdown,patterns,synthesis,3,0.9665,0.2500
9,model_abstraction_and_breakdown,patterns,synthesis,4,0.9633,0.2500
9,model_abstraction_and_breakdown,patterns,synthesis,5,0.9695,0.2500
9,model_abstraction_and_breakdown,patterns,synthesis,6,0.9722,0.2500
9,model_abstraction_and_breakdown,patterns,synthesis,7,0.9689,0.2500
9,model_abstraction_and_breakdown,patterns,synthesis,8,0.9608,0.2500
9,model_abstraction_and_breakdown,patterns,synthesis,9,0.9487,0.2500
9,model_abstraction_and_breakdown,patterns,synthesis,10,0.9404,0.2500
9,model_abstraction_and_breakdown,patterns,synthesis,20,0.8842,0.2500
9,model_abstraction_and_breakdown,patterns,synthesis,21,0.8853,0.2500
9,model_abstraction_and_breakdown,patterns,synthesis,22,0.8691,0.2500
9,model_abstraction_and_breakdown,patterns,synthesis,23,0.8736,0.2500
9,model_abstraction_and_breakdown,patterns,synthesis,24,0.8730,0.2500
9,model_abstraction_and_breakdown,patterns,synthesis,28,0.9168,0.2500
9,model_abstraction_and_breakdown,patterns,synthesis,29,0.9198,0.2500
9,model_abstraction_and_breakdown,patterns,synthesis,30,0.9316,0.2500
9,model_abstraction_and_breakdown,patterns,synthesis,31,0.9422,0.2500
9,model_abstraction_and_breakdown,patterns,synthesis,32,0.9487,0.2500
9,model_abstraction_and_breakdown,patterns,synthesis,36,0.9265,0.2500
9,model_abstraction_and_breakdown,synthesis,answer,0,0.6531,0.2500
9,model_abstraction_and_breakdown,synthesis,answer,1,0.9591,0.2500
9,model_abstraction_and_breakdown,synthesis,answer,2,0.9633,0.2500
9,model_abstraction_and_breakdown,synthesis,answer,3,0.9576,0.2500
9,model_abstraction_and_breakdown,synthesis,answer,4,0.9516,0.2500
9,model_abstraction_and_breakdown,synthesis,answer,5,0.9579,0.2500
9,model_abstraction_and_breakdown,synthesis,answer,6,0.9619,0.2500
9,model_abstraction_and_breakdown,synthesis,answer,7,0.9590,0.2500
9,model_abstraction_and_breakdown,synthesis,answer,8,0.9501,0.2500
9,model_abstraction_and_breakdown,synthesis,answer,9,0.9363,0.2500
9,model_abstraction_and_breakdown,synthesis,answer,10,0.9285,0.2500
9,model_abstraction_and_breakdown,synthesis,answer,20,0.8924,0.2500
9,model_abstraction_and_breakdown,synthesis,answer,21,0.8931,0.2500
9,model_abstraction_and_breakdown,synthesis,answer,22,0.8822,0.2500
9,model_abstraction_and_breakdown,synthesis,answer,23,0.8733,0.2500
9,model_abstraction_and_breakdown,synthesis,answer,24,0.8723,0.2500
9,model_abstraction_and_breakdown,synthesis,answer,28,0.9102,0.2500
9,model_abstraction_and_breakdown,synthesis,answer,29,0.9095,0.2500
9,model_abstraction_and_breakdown,synthesis,answer,30,0.9203,0.2500
9,model_abstraction_and_breakdown,synthesis,answer,31,0.9288,0.2500
9,model_abstraction_and_breakdown,synthesis,answer,32,0.9361,0.2500
9,model_abstraction_and_breakdown,synthesis,answer,36,0.8268,0.2500
9,model_abstraction_and_breakdown,brainstorm,answer,0,0.6588,0.2500
9,model_abstraction_and_breakdown,brainstorm,answer,1,0.9615,0.2500
9,model_abstraction_and_breakdown,brainstorm,answer,2,0.9594,0.2500
9,model_abstraction_and_breakdown,brainstorm,answer,3,0.9500,0.2500
9,model_abstraction_and_breakdown,brainstorm,answer,4,0.9412,0.2500
9,model_abstraction_and_breakdown,brainstorm,answer,5,0.9494,0.2500
9,model_abstraction_and_breakdown,brainstorm,answer,6,0.9535,0.2500
9,model_abstraction_and_breakdown,brainstorm,answer,7,0.1605,0.2500
9,model_abstraction_and_breakdown,brainstorm,answer,8,0.1835,0.2500
9,model_abstraction_and_breakdown,brainstorm,answer,9,0.1998,0.2500
9,model_abstraction_and_breakdown,brainstorm,answer,10,0.2224,0.2500
9,model_abstraction_and_breakdown,brainstorm,answer,20,0.4561,0.2500
9,model_abstraction_and_breakdown,brainstorm,answer,21,0.4744,0.2500
9,model_abstraction_and_breakdown,brainstorm,answer,22,0.4765,0.2500
9,model_abstraction_and_breakdown,brainstorm,answer,23,0.5070,0.2500
9,model_abstraction_and_breakdown,brainstorm,answer,24,0.5544,0.2500
9,model_abstraction_and_breakdown,brainstorm,answer,28,0.6992,0.2500
9,model_abstraction_and_breakdown,brainstorm,answer,29,0.7186,0.2500
9,model_abstraction_and_breakdown,brainstorm,answer,30,0.7534,0.2500
9,model_abstraction_and_breakdown,brainstorm,answer,31,0.7871,0.2500
9,model_abstraction_and_breakdown,brainstorm,answer,32,0.8149,0.2500
9,model_abstraction_and_breakdown,brainstorm,answer,36,0.7856,0.2500
9,model_abstraction_and_breakdown,graph,answer,0,0.6268,0.2500
9,model_abstraction_and_breakdown,graph,answer,1,0.9560,0.2500
9,model_abstraction_and_breakdown,graph,answer,2,0.9591,0.2500
9,model_abstraction_and_breakdown,graph,answer,3,0.9546,0.2500
9,model_abstraction_and_breakdown,graph,answer,4,0.9496,0.2500
9,model_abstraction_and_breakdown,graph,answer,5,0.9556,0.2500
9,model_abstraction_and_breakdown,graph,answer,6,0.9590,0.2500
9,model_abstraction_and_breakdown,graph,answer,7,0.9559,0.2500
9,model_abstraction_and_breakdown,graph,answer,8,0.9454,0.2500
9,model_abstraction_and_breakdown,graph,answer,9,0.9297,0.2500
9,model_abstraction_and_breakdown,graph,answer,10,0.9217,0.2500
9,model_abstraction_and_breakdown,graph,answer,20,0.8517,0.2500
9,model_abstraction_and_breakdown,graph,answer,21,0.8554,0.2500
9,model_abstraction_and_breakdown,graph,answer,22,0.8351,0.2500
9,model_abstraction_and_breakdown,graph,answer,23,0.8349,0.2500
9,model_abstraction_and_breakdown,graph,answer,24,0.8361,0.2500
9,model_abstraction_and_breakdown,graph,answer,28,0.8878,0.2500
9,model_abstraction_and_breakdown,graph,answer,29,0.8873,0.2500
9,model_abstraction_and_breakdown,graph,answer,30,0.9017,0.2500
9,model_abstraction_and_breakdown,graph,answer,31,0.9117,0.2500
9,model_abstraction_and_breakdown,graph,answer,32,0.9214,0.2500
9,model_abstraction_and_breakdown,graph,answer,36,0.8192,0.2500
10,hidden_variable_identification,graph,synthesis,0,0.6186,0.2500
10,hidden_variable_identification,graph,synthesis,1,0.9618,0.2500
10,hidden_variable_identification,graph,synthesis,2,0.9635,0.2500
10,hidden_variable_identification,graph,synthesis,3,0.9595,0.2500
10,hidden_variable_identification,graph,synthesis,4,0.9559,0.2500
10,hidden_variable_identification,graph,synthesis,5,0.9638,0.2500
10,hidden_variable_identification,graph,synthesis,6,0.9667,0.2500
10,hidden_variable_identification,graph,synthesis,7,0.9673,0.2500
10,hidden_variable_identification,graph,synthesis,8,0.9583,0.2500
10,hidden_variable_identification,graph,synthesis,9,0.9509,0.2500
10,hidden_variable_identification,graph,synthesis,10,0.9467,0.2500
10,hidden_variable_identification,graph,synthesis,20,0.9041,0.2500
10,hidden_variable_identification,graph,synthesis,21,0.9078,0.2500
10,hidden_variable_identification,graph,synthesis,22,0.8929,0.2500
10,hidden_variable_identification,graph,synthesis,23,0.8849,0.2500
10,hidden_variable_identification,graph,synthesis,24,0.8887,0.2500
10,hidden_variable_identification,graph,synthesis,28,0.9273,0.2500
10,hidden_variable_identification,graph,synthesis,29,0.9344,0.2500
10,hidden_variable_identification,graph,synthesis,30,0.9436,0.2500
10,hidden_variable_identification,graph,synthesis,31,0.9504,0.2500
10,hidden_variable_identification,graph,synthesis,32,0.9560,0.2500
10,hidden_variable_identification,graph,synthesis,36,0.7546,0.2500
10,hidden_variable_identification,patterns,synthesis,0,0.5250,0.2500
10,hidden_variable_identification,patterns,synthesis,1,0.9493,0.2500
10,hidden_variable_identification,patterns,synthesis,2,0.9540,0.2500
10,hidden_variable_identification,patterns,synthesis,3,0.9503,0.2500
10,hidden_variable_identification,patterns,synthesis,4,0.9406,0.2500
10,hidden_variable_identification,patterns,synthesis,5,0.9468,0.2500
10,hidden_variable_identification,patterns,synthesis,6,0.9528,0.2500
10,hidden_variable_identification,patterns,synthesis,7,0.9539,0.2500
10,hidden_variable_identification,patterns,synthesis,8,0.9452,0.2500
10,hidden_variable_identification,patterns,synthesis,9,0.9371,0.2500
10,hidden_variable_identification,patterns,synthesis,10,0.9323,0.2500
10,hidden_variable_identification,patterns,synthesis,20,0.8624,0.2500
10,hidden_variable_identification,patterns,synthesis,21,0.8655,0.2500
10,hidden_variable_identification,patterns,synthesis,22,0.8494,0.2500
10,hidden_variable_identification,patterns,synthesis,23,0.8406,0.2500
10,hidden_variable_identification,patterns,synthesis,24,0.8506,0.2500
10,hidden_variable_identification,patterns,synthesis,28,0.8957,0.2500
10,hidden_variable_identification,patterns,synthesis,29,0.9021,0.2500
10,hidden_variable_identification,patterns,synthesis,30,0.9166,0.2500
10,hidden_variable_identification,patterns,synthesis,31,0.9264,0.2500
10,hidden_variable_identification,patterns,synthesis,32,0.9354,0.2500
10,hidden_variable_identification,patterns,synthesis,36,0.5516,0.2500
10,hidden_variable_identification,synthesis,answer,0,0.5505,0.2500
10,hidden_variable_identification,synthesis,answer,1,0.9404,0.2500
10,hidden_variable_identification,synthesis,answer,2,0.9219,0.2500
10,hidden_variable_identification,synthesis,answer,3,0.9165,0.2500
10,hidden_variable_identification,synthesis,answer,4,0.9175,0.2500
10,hidden_variable_identification,synthesis,answer,5,0.9354,0.2500
10,hidden_variable_identification,synthesis,answer,6,0.9445,0.2500
10,hidden_variable_identification,synthesis,answer,7,0.9450,0.2500
10,hidden_variable_identification,synthesis,answer,8,0.9300,0.2500
10,hidden_variable_identification,synthesis,answer,9,0.9181,0.2500
10,hidden_variable_identification,synthesis,answer,10,0.9080,0.2500
10,hidden_variable_identification,synthesis,answer,20,0.8568,0.2500
10,hidden_variable_identification,synthesis,answer,21,0.8630,0.2500
10,hidden_variable_identification,synthesis,answer,22,0.8429,0.2500
10,hidden_variable_identification,synthesis,answer,23,0.8382,0.2500
10,hidden_variable_identification,synthesis,answer,24,0.8409,0.2500
10,hidden_variable_identification,synthesis,answer,28,0.8876,0.2500
10,hidden_variable_identification,synthesis,answer,29,0.8935,0.2500
10,hidden_variable_identification,synthesis,answer,30,0.9088,0.2500
10,hidden_variable_identification,synthesis,answer,31,0.9213,0.2500
10,hidden_variable_identification,synthesis,answer,32,0.9312,0.2500
10,hidden_variable_identification,synthesis,answer,36,0.7912,0.2500
10,hidden_variable_identification,brainstorm,answer,0,0.7720,0.2500
10,hidden_variable_identification,brainstorm,answer,1,0.9748,0.2500
10,hidden_variable_identification,brainstorm,answer,2,0.9680,0.2500
10,hidden_variable_identification,brainstorm,answer,3,0.9640,0.2500
10,hidden_variable_identification,brainstorm,answer,4,0.9618,0.2500
10,hidden_variable_identification,brainstorm,answer,5,0.9683,0.2500
10,hidden_variable_identification,brainstorm,answer,6,0.9702,0.2500
10,hidden_variable_identification,brainstorm,answer,7,0.1348,0.2500
10,hidden_variable_identification,brainstorm,answer,8,0.1524,0.2500
10,hidden_variable_identification,brainstorm,answer,9,0.1617,0.2500
10,hidden_variable_identification,brainstorm,answer,10,0.1836,0.2500
10,hidden_variable_identification,brainstorm,answer,20,0.4148,0.2500
10,hidden_variable_identification,brainstorm,answer,21,0.4453,0.2500
10,hidden_variable_identification,brainstorm,answer,22,0.4456,0.2500
10,hidden_variable_identification,brainstorm,answer,23,0.4792,0.2500
10,hidden_variable_identification,brainstorm,answer,24,0.5506,0.2500
10,hidden_variable_identification,brainstorm,answer,28,0.7269,0.2500
10,hidden_variable_identification,brainstorm,answer,29,0.7593,0.2500
10,hidden_variable_identification,brainstorm,answer,30,0.7932,0.2500
10,hidden_variable_identification,brainstorm,answer,31,0.8307,0.2500
10,hidden_variable_identification,brainstorm,answer,32,0.8563,0.2500
10,hidden_variable_identification,brainstorm,answer,36,0.8972,0.2500
10,hidden_variable_identification,graph,answer,0,0.5589,0.2500
10,hidden_variable_identification,graph,answer,1,0.9503,0.2500
10,hidden_variable_identification,graph,answer,2,0.9289,0.2500
10,hidden_variable_identification,graph,answer,3,0.9275,0.2500
10,hidden_variable_identification,graph,answer,4,0.9252,0.2500
10,hidden_variable_identification,graph,answer,5,0.9430,0.2500
10,hidden_variable_identification,graph,answer,6,0.9511,0.2500
10,hidden_variable_identification,graph,answer,7,0.9549,0.2500
10,hidden_variable_identification,graph,answer,8,0.9450,0.2500
10,hidden_variable_identification,graph,answer,9,0.9374,0.2500
10,hidden_variable_identification,graph,answer,10,0.9330,0.2500
10,hidden_variable_identification,graph,answer,20,0.9049,0.2500
10,hidden_variable_identification,graph,answer,21,0.9096,0.2500
10,hidden_variable_identification,graph,answer,22,0.8950,0.2500
10,hidden_variable_identification,graph,answer,23,0.8850,0.2500
10,hidden_variable_identification,graph,answer,24,0.8867,0.2500
10,hidden_variable_identification,graph,answer,28,0.9149,0.2500
10,hidden_variable_identification,graph,answer,29,0.9201,0.2500
10,hidden_variable_identification,graph,answer,30,0.9293,0.2500
10,hidden_variable_identification,graph,answer,31,0.9391,0.2500
10,hidden_variable_identification,graph,answer,32,0.9465,0.2500
10,hidden_variable_identification,graph,answer,36,0.7332,0.2500
11,tradeoff_and_non_monotonicity,graph,synthesis,0,0.3210,0.4000
11,tradeoff_and_non_monotonicity,graph,synthesis,1,0.8558,0.4000
11,tradeoff_and_non_monotonicity,graph,synthesis,2,0.8924,0.4000
11,tradeoff_and_non_monotonicity,graph,synthesis,3,0.8417,0.4000
11,tradeoff_and_non_monotonicity,graph,synthesis,4,0.8464,0.4000
11,tradeoff_and_non_monotonicity,graph,synthesis,5,0.8883,0.4000
11,tradeoff_and_non_monotonicity,graph,synthesis,6,0.9022,0.4000
11,tradeoff_and_non_monotonicity,graph,synthesis,7,0.8938,0.4000
11,tradeoff_and_non_monotonicity,graph,synthesis,8,0.8800,0.4000
11,tradeoff_and_non_monotonicity,graph,synthesis,9,0.8709,0.4000
11,tradeoff_and_non_monotonicity,graph,synthesis,10,0.8655,0.4000
11,tradeoff_and_non_monotonicity,graph,synthesis,20,0.7707,0.4000
11,tradeoff_and_non_monotonicity,graph,synthesis,21,0.8054,0.4000
11,tradeoff_and_non_monotonicity,graph,synthesis,22,0.7701,0.4000
11,tradeoff_and_non_monotonicity,graph,synthesis,23,0.7755,0.4000
11,tradeoff_and_non_monotonicity,graph,synthesis,24,0.7662,0.4000
11,tradeoff_and_non_monotonicity,graph,synthesis,28,0.8178,0.4000
11,tradeoff_and_non_monotonicity,graph,synthesis,29,0.8280,0.4000
11,tradeoff_and_non_monotonicity,graph,synthesis,30,0.8548,0.4000
11,tradeoff_and_non_monotonicity,graph,synthesis,31,0.8724,0.4000
11,tradeoff_and_non_monotonicity,graph,synthesis,32,0.8847,0.4000
11,tradeoff_and_non_monotonicity,graph,synthesis,36,0.6147,0.4000
11,tradeoff_and_non_monotonicity,patterns,synthesis,0,0.3126,0.4000
11,tradeoff_and_non_monotonicity,patterns,synthesis,1,0.8645,0.4000
11,tradeoff_and_non_monotonicity,patterns,synthesis,2,0.8993,0.4000
11,tradeoff_and_non_monotonicity,patterns,synthesis,3,0.8466,0.4000
11,tradeoff_and_non_monotonicity,patterns,synthesis,4,0.8468,0.4000
11,tradeoff_and_non_monotonicity,patterns,synthesis,5,0.8880,0.4000
11,tradeoff_and_non_monotonicity,patterns,synthesis,6,0.9040,0.4000
11,tradeoff_and_non_monotonicity,patterns,synthesis,7,0.8949,0.4000
11,tradeoff_and_non_monotonicity,patterns,synthesis,8,0.8812,0.4000
11,tradeoff_and_non_monotonicity,patterns,synthesis,9,0.8697,0.4000
11,tradeoff_and_non_monotonicity,patterns,synthesis,10,0.8615,0.4000
11,tradeoff_and_non_monotonicity,patterns,synthesis,20,0.7580,0.4000
11,tradeoff_and_non_monotonicity,patterns,synthesis,21,0.7930,0.4000
11,tradeoff_and_non_monotonicity,patterns,synthesis,22,0.7573,0.4000
11,tradeoff_and_non_monotonicity,patterns,synthesis,23,0.7584,0.4000
11,tradeoff_and_non_monotonicity,patterns,synthesis,24,0.7437,0.4000
11,tradeoff_and_non_monotonicity,patterns,synthesis,28,0.8007,0.4000
11,tradeoff_and_non_monotonicity,patterns,synthesis,29,0.8107,0.4000
11,tradeoff_and_non_monotonicity,patterns,synthesis,30,0.8396,0.4000
11,tradeoff_and_non_monotonicity,patterns,synthesis,31,0.8605,0.4000
11,tradeoff_and_non_monotonicity,patterns,synthesis,32,0.8728,0.4000
11,tradeoff_and_non_monotonicity,patterns,synthesis,36,0.6157,0.4000
12,hidden_variable_identification,graph,synthesis,0,0.4976,0.6000
12,hidden_variable_identification,graph,synthesis,1,0.9374,0.6000
12,hidden_variable_identification,graph,synthesis,2,0.9263,0.6000
12,hidden_variable_identification,graph,synthesis,3,0.9182,0.6000
12,hidden_variable_identification,graph,synthesis,4,0.9264,0.6000
12,hidden_variable_identification,graph,synthesis,5,0.9406,0.6000
12,hidden_variable_identification,graph,synthesis,6,0.9512,0.6000
12,hidden_variable_identification,graph,synthesis,7,0.9519,0.6000
12,hidden_variable_identification,graph,synthesis,8,0.9369,0.6000
12,hidden_variable_identification,graph,synthesis,9,0.9286,0.6000
12,hidden_variable_identification,graph,synthesis,10,0.9265,0.6000
12,hidden_variable_identification,graph,synthesis,20,0.8706,0.6000
12,hidden_variable_identification,graph,synthesis,21,0.8814,0.6000
12,hidden_variable_identification,graph,synthesis,22,0.8625,0.6000
12,hidden_variable_identification,graph,synthesis,23,0.8583,0.6000
12,hidden_variable_identification,graph,synthesis,24,0.8618,0.6000
12,hidden_variable_identification,graph,synthesis,28,0.9183,0.6000
12,hidden_variable_identification,graph,synthesis,29,0.9241,0.6000
12,hidden_variable_identification,graph,synthesis,30,0.9376,0.6000
12,hidden_variable_identification,graph,synthesis,31,0.9471,0.6000
12,hidden_variable_identification,graph,synthesis,32,0.9549,0.6000
12,hidden_variable_identification,graph,synthesis,36,0.8659,0.6000
12,hidden_variable_identification,patterns,synthesis,0,0.5693,0.6000
12,hidden_variable_identification,patterns,synthesis,1,0.9372,0.6000
12,hidden_variable_identification,patterns,synthesis,2,0.9294,0.6000
12,hidden_variable_identification,patterns,synthesis,3,0.9218,0.6000
12,hidden_variable_identification,patterns,synthesis,4,0.9226,0.6000
12,hidden_variable_identification,patterns,synthesis,5,0.9417,0.6000
12,hidden_variable_identification,patterns,synthesis,6,0.9487,0.6000
12,hidden_variable_identification,patterns,synthesis,7,0.9460,0.6000
12,hidden_variable_identification,patterns,synthesis,8,0.9319,0.6000
12,hidden_variable_identification,patterns,synthesis,9,0.9196,0.6000
12,hidden_variable_identification,patterns,synthesis,10,0.9172,0.6000
12,hidden_variable_identification,patterns,synthesis,20,0.8542,0.6000
12,hidden_variable_identification,patterns,synthesis,21,0.8645,0.6000
12,hidden_variable_identification,patterns,synthesis,22,0.8454,0.6000
12,hidden_variable_identification,patterns,synthesis,23,0.8368,0.6000
12,hidden_variable_identification,patterns,synthesis,24,0.8362,0.6000
12,hidden_variable_identification,patterns,synthesis,28,0.8933,0.6000
12,hidden_variable_identification,patterns,synthesis,29,0.8972,0.6000
12,hidden_variable_identification,patterns,synthesis,30,0.9129,0.6000
12,hidden_variable_identification,patterns,synthesis,31,0.9282,0.6000
12,hidden_variable_identification,patterns,synthesis,32,0.9395,0.6000
12,hidden_variable_identification,patterns,synthesis,36,0.9029,0.6000
13,hidden_variable_identification,graph,synthesis,0,0.7376,0.5455
13,hidden_variable_identification,graph,synthesis,1,0.9681,0.5455
13,hidden_variable_identification,graph,synthesis,2,0.9677,0.5455
13,hidden_variable_identification,graph,synthesis,3,0.9599,0.5455
13,hidden_variable_identification,graph,synthesis,4,0.9537,0.5455
13,hidden_variable_identification,graph,synthesis,5,0.9597,0.5455
13,hidden_variable_identification,graph,synthesis,6,0.9655,0.5455
13,hidden_variable_identification,graph,synthesis,7,0.9647,0.5455
13,hidden_variable_identification,graph,synthesis,8,0.9544,0.5455
13,hidden_variable_identification,graph,synthesis,9,0.9462,0.5455
13,hidden_variable_identification,graph,synthesis,10,0.9421,0.5455
13,hidden_variable_identification,graph,synthesis,20,0.8746,0.5455
13,hidden_variable_identification,graph,synthesis,21,0.8778,0.5455
13,hidden_variable_identification,graph,synthesis,22,0.8629,0.5455
13,hidden_variable_identification,graph,synthesis,23,0.8512,0.5455
13,hidden_variable_identification,graph,synthesis,24,0.8613,0.5455
13,hidden_variable_identification,graph,synthesis,28,0.9123,0.5455
13,hidden_variable_identification,graph,synthesis,29,0.9206,0.5455
13,hidden_variable_identification,graph,synthesis,30,0.9358,0.5455
13,hidden_variable_identification,graph,synthesis,31,0.9449,0.5455
13,hidden_variable_identification,graph,synthesis,32,0.9535,0.5455
13,hidden_variable_identification,graph,synthesis,36,0.7934,0.5455
13,hidden_variable_identification,patterns,synthesis,0,0.7081,0.5455
13,hidden_variable_identification,patterns,synthesis,1,0.9632,0.5455
13,hidden_variable_identification,patterns,synthesis,2,0.9637,0.5455
13,hidden_variable_identification,patterns,synthesis,3,0.9641,0.5455
13,hidden_variable_identification,patterns,synthesis,4,0.9651,0.5455
13,hidden_variable_identification,patterns,synthesis,5,0.9671,0.5455
13,hidden_variable_identification,patterns,synthesis,6,0.9742,0.5455
13,hidden_variable_identification,patterns,synthesis,7,0.9740,0.5455
13,hidden_variable_identification,patterns,synthesis,8,0.9702,0.5455
13,hidden_variable_identification,patterns,synthesis,9,0.9637,0.5455
13,hidden_variable_identification,patterns,synthesis,10,0.9636,0.5455
13,hidden_variable_identification,patterns,synthesis,20,0.9091,0.5455
13,hidden_variable_identification,patterns,synthesis,21,0.9083,0.5455
13,hidden_variable_identification,patterns,synthesis,22,0.8981,0.5455
13,hidden_variable_identification,patterns,synthesis,23,0.8918,0.5455
13,hidden_variable_identification,patterns,synthesis,24,0.8972,0.5455
13,hidden_variable_identification,patterns,synthesis,28,0.9296,0.5455
13,hidden_variable_identification,patterns,synthesis,29,0.9362,0.5455
13,hidden_variable_identification,patterns,synthesis,30,0.9469,0.5455
13,hidden_variable_identification,patterns,synthesis,31,0.9550,0.5455
13,hidden_variable_identification,patterns,synthesis,32,0.9629,0.5455
13,hidden_variable_identification,patterns,synthesis,36,0.9135,0.5455
13,hidden_variable_identification,synthesis,answer,0,0.7342,0.5455
13,hidden_variable_identification,synthesis,answer,1,0.9733,0.5455
13,hidden_variable_identification,synthesis,answer,2,0.9743,0.5455
13,hidden_variable_identification,synthesis,answer,3,0.9727,0.5455
13,hidden_variable_identification,synthesis,answer,4,0.9715,0.5455
13,hidden_variable_identification,synthesis,answer,5,0.9739,0.5455
13,hidden_variable_identification,synthesis,answer,6,0.9779,0.5455
13,hidden_variable_identification,synthesis,answer,7,0.9768,0.5455
13,hidden_variable_identification,synthesis,answer,8,0.9727,0.5455
13,hidden_variable_identification,synthesis,answer,9,0.9673,0.5455
13,hidden_variable_identification,synthesis,answer,10,0.9650,0.5455
13,hidden_variable_identification,synthesis,answer,20,0.9184,0.5455
13,hidden_variable_identification,synthesis,answer,21,0.9212,0.5455
13,hidden_variable_identification,synthesis,answer,22,0.9125,0.5455
13,hidden_variable_identification,synthesis,answer,23,0.9039,0.5455
13,hidden_variable_identification,synthesis,answer,24,0.9085,0.5455
13,hidden_variable_identification,synthesis,answer,28,0.9412,0.5455
13,hidden_variable_identification,synthesis,answer,29,0.9443,0.5455
13,hidden_variable_identification,synthesis,answer,30,0.9522,0.5455
13,hidden_variable_identification,synthesis,answer,31,0.9586,0.5455
13,hidden_variable_identification,synthesis,answer,32,0.9653,0.5455
13,hidden_variable_identification,synthesis,answer,36,0.9247,0.5455
13,hidden_variable_identification,brainstorm,answer,0,0.6738,0.5455
13,hidden_variable_identification,brainstorm,answer,1,0.9641,0.5455
13,hidden_variable_identification,brainstorm,answer,2,0.9542,0.5455
13,hidden_variable_identification,brainstorm,answer,3,0.9456,0.5455
13,hidden_variable_identification,brainstorm,answer,4,0.9411,0.5455
13,hidden_variable_identification,brainstorm,answer,5,0.9522,0.5455
13,hidden_variable_identification,brainstorm,answer,6,0.9554,0.5455
13,hidden_variable_identification,brainstorm,answer,7,0.1485,0.5455
13,hidden_variable_identification,brainstorm,answer,8,0.1627,0.5455
13,hidden_variable_identification,brainstorm,answer,9,0.1734,0.5455
13,hidden_variable_identification,brainstorm,answer,10,0.1936,0.5455
13,hidden_variable_identification,brainstorm,answer,20,0.3919,0.5455
13,hidden_variable_identification,brainstorm,answer,21,0.4197,0.5455
13,hidden_variable_identification,brainstorm,answer,22,0.4156,0.5455
13,hidden_variable_identification,brainstorm,answer,23,0.4631,0.5455
13,hidden_variable_identification,brainstorm,answer,24,0.5399,0.5455
13,hidden_variable_identification,brainstorm,answer,28,0.7176,0.5455
13,hidden_variable_identification,brainstorm,answer,29,0.7511,0.5455
13,hidden_variable_identification,brainstorm,answer,30,0.7880,0.5455
13,hidden_variable_identification,brainstorm,answer,31,0.8229,0.5455
13,hidden_variable_identification,brainstorm,answer,32,0.8484,0.5455
13,hidden_variable_identification,brainstorm,answer,36,0.8906,0.5455
13,hidden_variable_identification,graph,answer,0,0.6938,0.5455
13,hidden_variable_identification,graph,answer,1,0.9675,0.5455
13,hidden_variable_identification,graph,answer,2,0.9623,0.5455
13,hidden_variable_identification,graph,answer,3,0.9497,0.5455
13,hidden_variable_identification,graph,answer,4,0.9438,0.5455
13,hidden_variable_identification,graph,answer,5,0.9535,0.5455
13,hidden_variable_identification,graph,answer,6,0.9569,0.5455
13,hidden_variable_identification,graph,answer,7,0.9570,0.5455
13,hidden_variable_identification,graph,answer,8,0.9426,0.5455
13,hidden_variable_identification,graph,answer,9,0.9334,0.5455
13,hidden_variable_identification,graph,answer,10,0.9308,0.5455
13,hidden_variable_identification,graph,answer,20,0.8501,0.5455
13,hidden_variable_identification,graph,answer,21,0.8565,0.5455
13,hidden_variable_identification,graph,answer,22,0.8283,0.5455
13,hidden_variable_identification,graph,answer,23,0.8122,0.5455
13,hidden_variable_identification,graph,answer,24,0.8294,0.5455
13,hidden_variable_identification,graph,answer,28,0.8985,0.5455
13,hidden_variable_identification,graph,answer,29,0.9090,0.5455
13,hidden_variable_identification,graph,answer,30,0.9252,0.5455
13,hidden_variable_identification,graph,answer,31,0.9368,0.5455
13,hidden_variable_identification,graph,answer,32,0.9455,0.5455
13,hidden_variable_identification,graph,answer,36,0.4513,0.5455
14,hidden_variable_identification,graph,synthesis,0,0.5590,0.8000
14,hidden_variable_identification,graph,synthesis,1,0.9487,0.8000
14,hidden_variable_identification,graph,synthesis,2,0.9478,0.8000
14,hidden_variable_identification,graph,synthesis,3,0.9445,0.8000
14,hidden_variable_identification,graph,synthesis,4,0.9294,0.8000
14,hidden_variable_identification,graph,synthesis,5,0.9371,0.8000
14,hidden_variable_identification,graph,synthesis,6,0.9425,0.8000
14,hidden_variable_identification,graph,synthesis,7,0.9430,0.8000
14,hidden_variable_identification,graph,synthesis,8,0.9306,0.8000
14,hidden_variable_identification,graph,synthesis,9,0.9180,0.8000
14,hidden_variable_identification,graph,synthesis,10,0.9100,0.8000
14,hidden_variable_identification,graph,synthesis,20,0.8434,0.8000
14,hidden_variable_identification,graph,synthesis,21,0.8403,0.8000
14,hidden_variable_identification,graph,synthesis,22,0.8125,0.8000
14,hidden_variable_identification,graph,synthesis,23,0.8142,0.8000
14,hidden_variable_identification,graph,synthesis,24,0.8170,0.8000
14,hidden_variable_identification,graph,synthesis,28,0.8857,0.8000
14,hidden_variable_identification,graph,synthesis,29,0.8942,0.8000
14,hidden_variable_identification,graph,synthesis,30,0.9115,0.8000
14,hidden_variable_identification,graph,synthesis,31,0.9265,0.8000
14,hidden_variable_identification,graph,synthesis,32,0.9388,0.8000
14,hidden_variable_identification,graph,synthesis,36,0.8767,0.8000
14,hidden_variable_identification,patterns,synthesis,0,0.6354,0.8000
14,hidden_variable_identification,patterns,synthesis,1,0.9505,0.8000
14,hidden_variable_identification,patterns,synthesis,2,0.9532,0.8000
14,hidden_variable_identification,patterns,synthesis,3,0.9478,0.8000
14,hidden_variable_identification,patterns,synthesis,4,0.9428,0.8000
14,hidden_variable_identification,patterns,synthesis,5,0.9501,0.8000
14,hidden_variable_identification,patterns,synthesis,6,0.9533,0.8000
14,hidden_variable_identification,patterns,synthesis,7,0.9516,0.8000
14,hidden_variable_identification,patterns,synthesis,8,0.9388,0.8000
14,hidden_variable_identification,patterns,synthesis,9,0.9241,0.8000
14,hidden_variable_identification,patterns,synthesis,10,0.9154,0.8000
14,hidden_variable_identification,patterns,synthesis,20,0.8400,0.8000
14,hidden_variable_identification,patterns,synthesis,21,0.8339,0.8000
14,hidden_variable_identification,patterns,synthesis,22,0.8136,0.8000
14,hidden_variable_identification,patterns,synthesis,23,0.8163,0.8000
14,hidden_variable_identification,patterns,synthesis,24,0.8117,0.8000
14,hidden_variable_identification,patterns,synthesis,28,0.8728,0.8000
14,hidden_variable_identification,patterns,synthesis,29,0.8749,0.8000
14,hidden_variable_identification,patterns,synthesis,30,0.8910,0.8000
14,hidden_variable_identification,patterns,synthesis,31,0.9065,0.8000
14,hidden_variable_identification,patterns,synthesis,32,0.9173,0.8000
14,hidden_variable_identification,patterns,synthesis,36,0.7095,0.8000
14,hidden_variable_identification,synthesis,answer,0,0.7483,0.8000
14,hidden_variable_identification,synthesis,answer,1,0.9696,0.8000
14,hidden_variable_identification,synthesis,answer,2,0.9721,0.8000
14,hidden_variable_identification,synthesis,answer,3,0.9664,0.8000
14,hidden_variable_identification,synthesis,answer,4,0.9619,0.8000
14,hidden_variable_identification,synthesis,answer,5,0.9687,0.8000
14,hidden_variable_identification,synthesis,answer,6,0.9710,0.8000
14,hidden_variable_identification,synthesis,answer,7,0.9677,0.8000
14,hidden_variable_identification,synthesis,answer,8,0.9572,0.8000
14,hidden_variable_identification,synthesis,answer,9,0.9497,0.8000
14,hidden_variable_identification,synthesis,answer,10,0.9450,0.8000
14,hidden_variable_identification,synthesis,answer,20,0.9022,0.8000
14,hidden_variable_identification,synthesis,answer,21,0.9105,0.8000
14,hidden_variable_identification,synthesis,answer,22,0.8964,0.8000
14,hidden_variable_identification,synthesis,answer,23,0.8998,0.8000
14,hidden_variable_identification,synthesis,answer,24,0.9008,0.8000
14,hidden_variable_identification,synthesis,answer,28,0.9332,0.8000
14,hidden_variable_identification,synthesis,answer,29,0.9348,0.8000
14,hidden_variable_identification,synthesis,answer,30,0.9439,0.8000
14,hidden_variable_identification,synthesis,answer,31,0.9522,0.8000
14,hidden_variable_identification,synthesis,answer,32,0.9573,0.8000
14,hidden_variable_identification,synthesis,answer,36,0.9188,0.8000
14,hidden_variable_identification,brainstorm,answer,0,0.7855,0.8000
14,hidden_variable_identification,brainstorm,answer,1,0.9706,0.8000
14,hidden_variable_identification,brainstorm,answer,2,0.9645,0.8000
14,hidden_variable_identification,brainstorm,answer,3,0.9562,0.8000
14,hidden_variable_identification,brainstorm,answer,4,0.9488,0.8000
14,hidden_variable_identification,brainstorm,answer,5,0.9587,0.8000
14,hidden_variable_identification,brainstorm,answer,6,0.9593,0.8000
14,hidden_variable_identification,brainstorm,answer,7,0.1442,0.8000
14,hidden_variable_identification,brainstorm,answer,8,0.1652,0.8000
14,hidden_variable_identification,brainstorm,answer,9,0.1768,0.8000
14,hidden_variable_identification,brainstorm,answer,10,0.1946,0.8000
14,hidden_variable_identification,brainstorm,answer,20,0.3945,0.8000
14,hidden_variable_identification,brainstorm,answer,21,0.4255,0.8000
14,hidden_variable_identification,brainstorm,answer,22,0.4208,0.8000
14,hidden_variable_identification,brainstorm,answer,23,0.4726,0.8000
14,hidden_variable_identification,brainstorm,answer,24,0.5441,0.8000
14,hidden_variable_identification,brainstorm,answer,28,0.7144,0.8000
14,hidden_variable_identification,brainstorm,answer,29,0.7464,0.8000
14,hidden_variable_identification,brainstorm,answer,30,0.7809,0.8000
14,hidden_variable_identification,brainstorm,answer,31,0.8146,0.8000
14,hidden_variable_identification,brainstorm,answer,32,0.8388,0.8000
14,hidden_variable_identification,brainstorm,answer,36,0.8525,0.8000
14,hidden_variable_identification,graph,answer,0,0.5982,0.8000
14,hidden_variable_identification,graph,answer,1,0.9515,0.8000
14,hidden_variable_identification,graph,answer,2,0.9520,0.8000
14,hidden_variable_identification,graph,answer,3,0.9451,0.8000
14,hidden_variable_identification,graph,answer,4,0.9368,0.8000
14,hidden_variable_identification,graph,answer,5,0.9430,0.8000
14,hidden_variable_identification,graph,answer,6,0.9477,0.8000
14,hidden_variable_identification,graph,answer,7,0.9477,0.8000
14,hidden_variable_identification,graph,answer,8,0.9351,0.8000
14,hidden_variable_identification,graph,answer,9,0.9235,0.8000
14,hidden_variable_identification,graph,answer,10,0.9166,0.8000
14,hidden_variable_identification,graph,answer,20,0.8753,0.8000
14,hidden_variable_identification,graph,answer,21,0.8855,0.8000
14,hidden_variable_identification,graph,answer,22,0.8622,0.8000
14,hidden_variable_identification,graph,answer,23,0.8571,0.8000
14,hidden_variable_identification,graph,answer,24,0.8631,0.8000
14,hidden_variable_identification,graph,answer,28,0.9166,0.8000
14,hidden_variable_identification,graph,answer,29,0.9212,0.8000
14,hidden_variable_identification,graph,answer,30,0.9341,0.8000
14,hidden_variable_identification,graph,answer,31,0.9456,0.8000
14,hidden_variable_identification,graph,answer,32,0.9527,0.8000
14,hidden_variable_identification,graph,answer,36,0.6205,0.8000
15,hidden_variable_identification,graph,synthesis,0,0.7165,0.6000
15,hidden_variable_identification,graph,synthesis,1,0.9668,0.6000
15,hidden_variable_identification,graph,synthesis,2,0.9687,0.6000
15,hidden_variable_identification,graph,synthesis,3,0.9670,0.6000
15,hidden_variable_identification,graph,synthesis,4,0.9651,0.6000
15,hidden_variable_identification,graph,synthesis,5,0.9701,0.6000
15,hidden_variable_identification,graph,synthesis,6,0.9734,0.6000
15,hidden_variable_identification,graph,synthesis,7,0.9695,0.6000
15,hidden_variable_identification,graph,synthesis,8,0.9608,0.6000
15,hidden_variable_identification,graph,synthesis,9,0.9481,0.6000
15,hidden_variable_identification,graph,synthesis,10,0.9447,0.6000
15,hidden_variable_identification,graph,synthesis,20,0.8880,0.6000
15,hidden_variable_identification,graph,synthesis,21,0.8922,0.6000
15,hidden_variable_identification,graph,synthesis,22,0.8773,0.6000
15,hidden_variable_identification,graph,synthesis,23,0.8753,0.6000
15,hidden_variable_identification,graph,synthesis,24,0.8732,0.6000
15,hidden_variable_identification,graph,synthesis,28,0.9127,0.6000
15,hidden_variable_identification,graph,synthesis,29,0.9166,0.6000
15,hidden_variable_identification,graph,synthesis,30,0.9285,0.6000
15,hidden_variable_identification,graph,synthesis,31,0.9391,0.6000
15,hidden_variable_identification,graph,synthesis,32,0.9484,0.6000
15,hidden_variable_identification,graph,synthesis,36,0.9034,0.6000
15,hidden_variable_identification,patterns,synthesis,0,0.7212,0.6000
15,hidden_variable_identification,patterns,synthesis,1,0.9624,0.6000
15,hidden_variable_identification,patterns,synthesis,2,0.9597,0.6000
15,hidden_variable_identification,patterns,synthesis,3,0.9597,0.6000
15,hidden_variable_identification,patterns,synthesis,4,0.9589,0.6000
15,hidden_variable_identification,patterns,synthesis,5,0.9665,0.6000
15,hidden_variable_identification,patterns,synthesis,6,0.9719,0.6000
15,hidden_variable_identification,patterns,synthesis,7,0.9678,0.6000
15,hidden_variable_identification,patterns,synthesis,8,0.9584,0.6000
15,hidden_variable_identification,patterns,synthesis,9,0.9495,0.6000
15,hidden_variable_identification,patterns,synthesis,10,0.9473,0.6000
15,hidden_variable_identification,patterns,synthesis,20,0.9019,0.6000
15,hidden_variable_identification,patterns,synthesis,21,0.9058,0.6000
15,hidden_variable_identification,patterns,synthesis,22,0.8916,0.6000
15,hidden_variable_identification,patterns,synthesis,23,0.8903,0.6000
15,hidden_variable_identification,patterns,synthesis,24,0.8884,0.6000
15,hidden_variable_identification,patterns,synthesis,28,0.9240,0.6000
15,hidden_variable_identification,patterns,synthesis,29,0.9289,0.6000
15,hidden_variable_identification,patterns,synthesis,30,0.9398,0.6000
15,hidden_variable_identification,patterns,synthesis,31,0.9501,0.6000
15,hidden_variable_identification,patterns,synthesis,32,0.9561,0.6000
15,hidden_variable_identification,patterns,synthesis,36,0.9292,0.6000
16,model_abstraction_and_breakdown,graph,synthesis,0,0.7178,0.6667
16,model_abstraction_and_breakdown,graph,synthesis,1,0.9639,0.6667
16,model_abstraction_and_breakdown,graph,synthesis,2,0.9619,0.6667
16,model_abstraction_and_breakdown,graph,synthesis,3,0.9584,0.6667
16,model_abstraction_and_breakdown,graph,synthesis,4,0.9546,0.6667
16,model_abstraction_and_breakdown,graph,synthesis,5,0.9654,0.6667
16,model_abstraction_and_breakdown,graph,synthesis,6,0.9698,0.6667
16,model_abstraction_and_breakdown,graph,synthesis,7,0.9677,0.6667
16,model_abstraction_and_breakdown,graph,synthesis,8,0.9594,0.6667
16,model_abstraction_and_breakdown,graph,synthesis,9,0.9508,0.6667
16,model_abstraction_and_breakdown,graph,synthesis,10,0.9494,0.6667
16,model_abstraction_and_breakdown,graph,synthesis,20,0.8970,0.6667
16,model_abstraction_and_breakdown,graph,synthesis,21,0.9003,0.6667
16,model_abstraction_and_breakdown,graph,synthesis,22,0.8844,0.6667
16,model_abstraction_and_breakdown,graph,synthesis,23,0.8828,0.6667
16,model_abstraction_and_breakdown,graph,synthesis,24,0.8849,0.6667
16,model_abstraction_and_breakdown,graph,synthesis,28,0.9207,0.6667
16,model_abstraction_and_breakdown,graph,synthesis,29,0.9248,0.6667
16,model_abstraction_and_breakdown,graph,synthesis,30,0.9341,0.6667
16,model_abstraction_and_breakdown,graph,synthesis,31,0.9422,0.6667
16,model_abstraction_and_breakdown,graph,synthesis,32,0.9496,0.6667
16,model_abstraction_and_breakdown,graph,synthesis,36,0.9184,0.6667
16,model_abstraction_and_breakdown,patterns,synthesis,0,0.6444,0.6667
16,model_abstraction_and_breakdown,patterns,synthesis,1,0.9534,0.6667
16,model_abstraction_and_breakdown,patterns,synthesis,2,0.9586,0.6667
16,model_abstraction_and_breakdown,patterns,synthesis,3,0.9569,0.6667
16,model_abstraction_and_breakdown,patterns,synthesis,4,0.9488,0.6667
16,model_abstraction_and_breakdown,patterns,synthesis,5,0.9560,0.6667
16,model_abstraction_and_breakdown,patterns,synthesis,6,0.9602,0.6667
16,model_abstraction_and_breakdown,patterns,synthesis,7,0.9603,0.6667
16,model_abstraction_and_breakdown,patterns,synthesis,8,0.9499,0.6667
16,model_abstraction_and_breakdown,patterns,synthesis,9,0.9360,0.6667
16,model_abstraction_and_breakdown,patterns,synthesis,10,0.9317,0.6667
16,model_abstraction_and_breakdown,patterns,synthesis,20,0.8701,0.6667
16,model_abstraction_and_breakdown,patterns,synthesis,21,0.8684,0.6667
16,model_abstraction_and_breakdown,patterns,synthesis,22,0.8555,0.6667
16,model_abstraction_and_breakdown,patterns,synthesis,23,0.8499,0.6667
16,model_abstraction_and_breakdown,patterns,synthesis,24,0.8546,0.6667
16,model_abstraction_and_breakdown,patterns,synthesis,28,0.9055,0.6667
16,model_abstraction_and_breakdown,patterns,synthesis,29,0.9105,0.6667
16,model_abstraction_and_breakdown,patterns,synthesis,30,0.9230,0.6667
16,model_abstraction_and_breakdown,patterns,synthesis,31,0.9308,0.6667
16,model_abstraction_and_breakdown,patterns,synthesis,32,0.9389,0.6667
16,model_abstraction_and_breakdown,patterns,synthesis,36,0.7661,0.6667
16,model_abstraction_and_breakdown,synthesis,answer,0,0.8368,0.6667
16,model_abstraction_and_breakdown,synthesis,answer,1,0.9835,0.6667
16,model_abstraction_and_breakdown,synthesis,answer,2,0.9816,0.6667
16,model_abstraction_and_breakdown,synthesis,answer,3,0.9784,0.6667
16,model_abstraction_and_breakdown,synthesis,answer,4,0.9742,0.6667
16,model_abstraction_and_breakdown,synthesis,answer,5,0.9783,0.6667
16,model_abstraction_and_breakdown,synthesis,answer,6,0.9805,0.6667
16,model_abstraction_and_breakdown,synthesis,answer,7,0.9760,0.6667
16,model_abstraction_and_breakdown,synthesis,answer,8,0.9649,0.6667
16,model_abstraction_and_breakdown,synthesis,answer,9,0.9553,0.6667
16,model_abstraction_and_breakdown,synthesis,answer,10,0.9518,0.6667
16,model_abstraction_and_breakdown,synthesis,answer,20,0.9216,0.6667
16,model_abstraction_and_breakdown,synthesis,answer,21,0.9262,0.6667
16,model_abstraction_and_breakdown,synthesis,answer,22,0.9140,0.6667
16,model_abstraction_and_breakdown,synthesis,answer,23,0.9105,0.6667
16,model_abstraction_and_breakdown,synthesis,answer,24,0.9128,0.6667
16,model_abstraction_and_breakdown,synthesis,answer,28,0.9368,0.6667
16,model_abstraction_and_breakdown,synthesis,answer,29,0.9381,0.6667
16,model_abstraction_and_breakdown,synthesis,answer,30,0.9450,0.6667
16,model_abstraction_and_breakdown,synthesis,answer,31,0.9505,0.6667
16,model_abstraction_and_breakdown,synthesis,answer,32,0.9552,0.6667
16,model_abstraction_and_breakdown,synthesis,answer,36,0.8420,0.6667
16,model_abstraction_and_breakdown,brainstorm,answer,0,0.6541,0.6667
16,model_abstraction_and_breakdown,brainstorm,answer,1,0.9617,0.6667
16,model_abstraction_and_breakdown,brainstorm,answer,2,0.9551,0.6667
16,model_abstraction_and_breakdown,brainstorm,answer,3,0.9461,0.6667
16,model_abstraction_and_breakdown,brainstorm,answer,4,0.9449,0.6667
16,model_abstraction_and_breakdown,brainstorm,answer,5,0.9558,0.6667
16,model_abstraction_and_breakdown,brainstorm,answer,6,0.9598,0.6667
16,model_abstraction_and_breakdown,brainstorm,answer,7,0.1508,0.6667
16,model_abstraction_and_breakdown,brainstorm,answer,8,0.1672,0.6667
16,model_abstraction_and_breakdown,brainstorm,answer,9,0.1793,0.6667
16,model_abstraction_and_breakdown,brainstorm,answer,10,0.1964,0.6667
16,model_abstraction_and_breakdown,brainstorm,answer,20,0.4018,0.6667
16,model_abstraction_and_breakdown,brainstorm,answer,21,0.4262,0.6667
16,model_abstraction_and_breakdown,brainstorm,answer,22,0.4287,0.6667
16,model_abstraction_and_breakdown,brainstorm,answer,23,0.4593,0.6667
16,model_abstraction_and_breakdown,brainstorm,answer,24,0.5257,0.6667
16,model_abstraction_and_breakdown,brainstorm,answer,28,0.6964,0.6667
16,model_abstraction_and_breakdown,brainstorm,answer,29,0.7294,0.6667
16,model_abstraction_and_breakdown,brainstorm,answer,30,0.7658,0.6667
16,model_abstraction_and_breakdown,brainstorm,answer,31,0.8022,0.6667
16,model_abstraction_and_breakdown,brainstorm,answer,32,0.8297,0.6667
16,model_abstraction_and_breakdown,brainstorm,answer,36,0.8231,0.6667
16,model_abstraction_and_breakdown,graph,answer,0,0.7033,0.6667
16,model_abstraction_and_breakdown,graph,answer,1,0.9641,0.6667
16,model_abstraction_and_breakdown,graph,answer,2,0.9534,0.6667
16,model_abstraction_and_breakdown,graph,answer,3,0.9481,0.6667
16,model_abstraction_and_breakdown,graph,answer,4,0.9463,0.6667
16,model_abstraction_and_breakdown,graph,answer,5,0.9576,0.6667
16,model_abstraction_and_breakdown,graph,answer,6,0.9633,0.6667
16,model_abstraction_and_breakdown,graph,answer,7,0.9563,0.6667
16,model_abstraction_and_breakdown,graph,answer,8,0.9452,0.6667
16,model_abstraction_and_breakdown,graph,answer,9,0.9373,0.6667
16,model_abstraction_and_breakdown,graph,answer,10,0.9338,0.6667
16,model_abstraction_and_breakdown,graph,answer,20,0.8703,0.6667
16,model_abstraction_and_breakdown,graph,answer,21,0.8831,0.6667
16,model_abstraction_and_breakdown,graph,answer,22,0.8650,0.6667
16,model_abstraction_and_breakdown,graph,answer,23,0.8627,0.6667
16,model_abstraction_and_breakdown,graph,answer,24,0.8706,0.6667
16,model_abstraction_and_breakdown,graph,answer,28,0.9136,0.6667
16,model_abstraction_and_breakdown,graph,answer,29,0.9189,0.6667
16,model_abstraction_and_breakdown,graph,answer,30,0.9299,0.6667
16,model_abstraction_and_breakdown,graph,answer,31,0.9415,0.6667
16,model_abstraction_and_breakdown,graph,answer,32,0.9496,0.6667
16,model_abstraction_and_breakdown,graph,answer,36,0.8429,0.6667
17,hidden_variable_identification,graph,synthesis,0,0.6215,0.2500
17,hidden_variable_identification,graph,synthesis,1,0.9613,0.2500
17,hidden_variable_identification,graph,synthesis,2,0.9588,0.2500
17,hidden_variable_identification,graph,synthesis,3,0.9536,0.2500
17,hidden_variable_identification,graph,synthesis,4,0.9532,0.2500
17,hidden_variable_identification,graph,synthesis,5,0.9603,0.2500
17,hidden_variable_identification,graph,synthesis,6,0.9643,0.2500
17,hidden_variable_identification,graph,synthesis,7,0.9619,0.2500
17,hidden_variable_identification,graph,synthesis,8,0.9491,0.2500
17,hidden_variable_identification,graph,synthesis,9,0.9388,0.2500
17,hidden_variable_identification,graph,synthesis,10,0.9366,0.2500
17,hidden_variable_identification,graph,synthesis,20,0.8959,0.2500
17,hidden_variable_identification,graph,synthesis,21,0.8977,0.2500
17,hidden_variable_identification,graph,synthesis,22,0.8826,0.2500
17,hidden_variable_identification,graph,synthesis,23,0.8732,0.2500
17,hidden_variable_identification,graph,synthesis,24,0.8680,0.2500
17,hidden_variable_identification,graph,synthesis,28,0.9103,0.2500
17,hidden_variable_identification,graph,synthesis,29,0.9162,0.2500
17,hidden_variable_identification,graph,synthesis,30,0.9277,0.2500
17,hidden_variable_identification,graph,synthesis,31,0.9398,0.2500
17,hidden_variable_identification,graph,synthesis,32,0.9476,0.2500
17,hidden_variable_identification,graph,synthesis,36,0.9163,0.2500
17,hidden_variable_identification,patterns,synthesis,0,0.5959,0.2500
17,hidden_variable_identification,patterns,synthesis,1,0.9556,0.2500
17,hidden_variable_identification,patterns,synthesis,2,0.9542,0.2500
17,hidden_variable_identification,patterns,synthesis,3,0.9458,0.2500
17,hidden_variable_identification,patterns,synthesis,4,0.9359,0.2500
17,hidden_variable_identification,patterns,synthesis,5,0.9455,0.2500
17,hidden_variable_identification,patterns,synthesis,6,0.9506,0.2500
17,hidden_variable_identification,patterns,synthesis,7,0.9474,0.2500
17,hidden_variable_identification,patterns,synthesis,8,0.9279,0.2500
17,hidden_variable_identification,patterns,synthesis,9,0.9100,0.2500
17,hidden_variable_identification,patterns,synthesis,10,0.9006,0.2500
17,hidden_variable_identification,patterns,synthesis,20,0.8500,0.2500
17,hidden_variable_identification,patterns,synthesis,21,0.8562,0.2500
17,hidden_variable_identification,patterns,synthesis,22,0.8345,0.2500
17,hidden_variable_identification,patterns,synthesis,23,0.8301,0.2500
17,hidden_variable_identification,patterns,synthesis,24,0.8267,0.2500
17,hidden_variable_identification,patterns,synthesis,28,0.8730,0.2500
17,hidden_variable_identification,patterns,synthesis,29,0.8787,0.2500
17,hidden_variable_identification,patterns,synthesis,30,0.8921,0.2500
17,hidden_variable_identification,patterns,synthesis,31,0.9061,0.2500
17,hidden_variable_identification,patterns,synthesis,32,0.9179,0.2500
17,hidden_variable_identification,patterns,synthesis,36,0.8723,0.2500
19,model_abstraction_and_breakdown,graph,synthesis,0,0.7736,0.4444
19,model_abstraction_and_breakdown,graph,synthesis,1,0.9637,0.4444
19,model_abstraction_and_breakdown,graph,synthesis,2,0.9644,0.4444
19,model_abstraction_and_breakdown,graph,synthesis,3,0.9575,0.4444
19,model_abstraction_and_breakdown,graph,synthesis,4,0.9549,0.4444
19,model_abstraction_and_breakdown,graph,synthesis,5,0.9633,0.4444
19,model_abstraction_and_breakdown,graph,synthesis,6,0.9657,0.4444
19,model_abstraction_and_breakdown,graph,synthesis,7,0.9596,0.4444
19,model_abstraction_and_breakdown,graph,synthesis,8,0.9484,0.4444
19,model_abstraction_and_breakdown,graph,synthesis,9,0.9342,0.4444
19,model_abstraction_and_breakdown,graph,synthesis,10,0.9305,0.4444
19,model_abstraction_and_breakdown,graph,synthesis,20,0.8811,0.4444
19,model_abstraction_and_breakdown,graph,synthesis,21,0.8867,0.4444
19,model_abstraction_and_breakdown,graph,synthesis,22,0.8648,0.4444
19,model_abstraction_and_breakdown,graph,synthesis,23,0.8694,0.4444
19,model_abstraction_and_breakdown,graph,synthesis,24,0.8660,0.4444
19,model_abstraction_and_breakdown,graph,synthesis,28,0.8946,0.4444
19,model_abstraction_and_breakdown,graph,synthesis,29,0.8929,0.4444
19,model_abstraction_and_breakdown,graph,synthesis,30,0.9041,0.4444
19,model_abstraction_and_breakdown,graph,synthesis,31,0.9157,0.4444
19,model_abstraction_and_breakdown,graph,synthesis,32,0.9284,0.4444
19,model_abstraction_and_breakdown,graph,synthesis,36,0.8978,0.4444
19,model_abstraction_and_breakdown,patterns,synthesis,0,0.7018,0.4444
19,model_abstraction_and_breakdown,patterns,synthesis,1,0.9620,0.4444
19,model_abstraction_and_breakdown,patterns,synthesis,2,0.9559,0.4444
19,model_abstraction_and_breakdown,patterns,synthesis,3,0.9468,0.4444
19,model_abstraction_and_breakdown,patterns,synthesis,4,0.9406,0.4444
19,model_abstraction_and_breakdown,patterns,synthesis,5,0.9481,0.4444
19,model_abstraction_and_breakdown,patterns,synthesis,6,0.9507,0.4444
19,model_abstraction_and_breakdown,patterns,synthesis,7,0.9481,0.4444
19,model_abstraction_and_breakdown,patterns,synthesis,8,0.9339,0.4444
19,model_abstraction_and_breakdown,patterns,synthesis,9,0.9204,0.4444
19,model_abstraction_and_breakdown,patterns,synthesis,10,0.9096,0.4444
19,model_abstraction_and_breakdown,patterns,synthesis,20,0.8608,0.4444
19,model_abstraction_and_breakdown,patterns,synthesis,21,0.8678,0.4444
19,model_abstraction_and_breakdown,patterns,synthesis,22,0.8444,0.4444
19,model_abstraction_and_breakdown,patterns,synthesis,23,0.8444,0.4444
19,model_abstraction_and_breakdown,patterns,synthesis,24,0.8438,0.4444
19,model_abstraction_and_breakdown,patterns,synthesis,28,0.8757,0.4444
19,model_abstraction_and_breakdown,patterns,synthesis,29,0.8707,0.4444
19,model_abstraction_and_breakdown,patterns,synthesis,30,0.8771,0.4444
19,model_abstraction_and_breakdown,patterns,synthesis,31,0.8943,0.4444
19,model_abstraction_and_breakdown,patterns,synthesis,32,0.9077,0.4444
19,model_abstraction_and_breakdown,patterns,synthesis,36,0.8147,0.4444
20,hidden_variable_identification,graph,synthesis,0,0.7290,0.3333
20,hidden_variable_identification,graph,synthesis,1,0.9604,0.3333
20,hidden_variable_identification,graph,synthesis,2,0.9566,0.3333
20,hidden_variable_identification,graph,synthesis,3,0.9447,0.3333
20,hidden_variable_identification,graph,synthesis,4,0.9425,0.3333
20,hidden_variable_identification,graph,synthesis,5,0.9554,0.3333
20,hidden_variable_identification,graph,synthesis,6,0.9590,0.3333
20,hidden_variable_identification,graph,synthesis,7,0.9600,0.3333
20,hidden_variable_identification,graph,synthesis,8,0.9464,0.3333
20,hidden_variable_identification,graph,synthesis,9,0.9407,0.3333
20,hidden_variable_identification,graph,synthesis,10,0.9379,0.3333
20,hidden_variable_identification,graph,synthesis,20,0.8968,0.3333
20,hidden_variable_identification,graph,synthesis,21,0.9066,0.3333
20,hidden_variable_identification,graph,synthesis,22,0.8867,0.3333
20,hidden_variable_identification,graph,synthesis,23,0.8790,0.3333
20,hidden_variable_identification,graph,synthesis,24,0.8796,0.3333
20,hidden_variable_identification,graph,synthesis,28,0.9216,0.3333
20,hidden_variable_identification,graph,synthesis,29,0.9266,0.3333
20,hidden_variable_identification,graph,synthesis,30,0.9384,0.3333
20,hidden_variable_identification,graph,synthesis,31,0.9497,0.3333
20,hidden_variable_identification,graph,synthesis,32,0.9577,0.3333
20,hidden_variable_identification,graph,synthesis,36,0.6612,0.3333
20,hidden_variable_identification,patterns,synthesis,0,0.7851,0.3333
20,hidden_variable_identification,patterns,synthesis,1,0.9732,0.3333
20,hidden_variable_identification,patterns,synthesis,2,0.9719,0.3333
20,hidden_variable_identification,patterns,synthesis,3,0.9628,0.3333
20,hidden_variable_identification,patterns,synthesis,4,0.9577,0.3333
20,hidden_variable_identification,patterns,synthesis,5,0.9651,0.3333
20,hidden_variable_identification,patterns,synthesis,6,0.9643,0.3333
20,hidden_variable_identification,patterns,synthesis,7,0.9631,0.3333
20,hidden_variable_identification,patterns,synthesis,8,0.9504,0.3333
20,hidden_variable_identification,patterns,synthesis,9,0.9402,0.3333
20,hidden_variable_identification,patterns,synthesis,10,0.9355,0.3333
20,hidden_variable_identification,patterns,synthesis,20,0.8881,0.3333
20,hidden_variable_identification,patterns,synthesis,21,0.8995,0.3333
20,hidden_variable_identification,patterns,synthesis,22,0.8867,0.3333
20,hidden_variable_identification,patterns,synthesis,23,0.8840,0.3333
20,hidden_variable_identification,patterns,synthesis,24,0.8880,0.3333
20,hidden_variable_identification,patterns,synthesis,28,0.9347,0.3333
20,hidden_variable_identification,patterns,synthesis,29,0.9386,0.3333
20,hidden_variable_identification,patterns,synthesis,30,0.9496,0.3333
20,hidden_variable_identification,patterns,synthesis,31,0.9600,0.3333
20,hidden_variable_identification,patterns,synthesis,32,0.9660,0.3333
20,hidden_variable_identification,patterns,synthesis,36,0.9148,0.3333
22,hidden_variable_identification,graph,synthesis,0,0.6420,0.4444
22,hidden_variable_identification,graph,synthesis,1,0.9573,0.4444
22,hidden_variable_identification,graph,synthesis,2,0.9542,0.4444
22,hidden_variable_identification,graph,synthesis,3,0.9501,0.4444
22,hidden_variable_identification,graph,synthesis,4,0.9474,0.4444
22,hidden_variable_identification,graph,synthesis,5,0.9580,0.4444
22,hidden_variable_identification,graph,synthesis,6,0.9615,0.4444
22,hidden_variable_identification,graph,synthesis,7,0.9613,0.4444
22,hidden_variable_identification,graph,synthesis,8,0.9490,0.4444
22,hidden_variable_identification,graph,synthesis,9,0.9313,0.4444
22,hidden_variable_identification,graph,synthesis,10,0.9263,0.4444
22,hidden_variable_identification,graph,synthesis,20,0.8474,0.4444
22,hidden_variable_identification,graph,synthesis,21,0.8432,0.4444
22,hidden_variable_identification,graph,synthesis,22,0.8255,0.4444
22,hidden_variable_identification,graph,synthesis,23,0.8277,0.4444
22,hidden_variable_identification,graph,synthesis,24,0.8208,0.4444
22,hidden_variable_identification,graph,synthesis,28,0.8755,0.4444
22,hidden_variable_identification,graph,synthesis,29,0.8756,0.4444
22,hidden_variable_identification,graph,synthesis,30,0.8865,0.4444
22,hidden_variable_identification,graph,synthesis,31,0.9053,0.4444
22,hidden_variable_identification,graph,synthesis,32,0.9194,0.4444
22,hidden_variable_identification,graph,synthesis,36,0.8839,0.4444
22,hidden_variable_identification,patterns,synthesis,0,0.6249,0.4444
22,hidden_variable_identification,patterns,synthesis,1,0.9591,0.4444
22,hidden_variable_identification,patterns,synthesis,2,0.9563,0.4444
22,hidden_variable_identification,patterns,synthesis,3,0.9476,0.4444
22,hidden_variable_identification,patterns,synthesis,4,0.9417,0.4444
22,hidden_variable_identification,patterns,synthesis,5,0.9536,0.4444
22,hidden_variable_identification,patterns,synthesis,6,0.9587,0.4444
22,hidden_variable_identification,patterns,synthesis,7,0.9594,0.4444
22,hidden_variable_identification,patterns,synthesis,8,0.9484,0.4444
22,hidden_variable_identification,patterns,synthesis,9,0.9394,0.4444
22,hidden_variable_identification,patterns,synthesis,10,0.9345,0.4444
22,hidden_variable_identification,patterns,synthesis,20,0.8657,0.4444
22,hidden_variable_identification,patterns,synthesis,21,0.8605,0.4444
22,hidden_variable_identification,patterns,synthesis,22,0.8440,0.4444
22,hidden_variable_identification,patterns,synthesis,23,0.8297,0.4444
22,hidden_variable_identification,patterns,synthesis,24,0.8348,0.4444
22,hidden_variable_identification,patterns,synthesis,28,0.8790,0.4444
22,hidden_variable_identification,patterns,synthesis,29,0.8818,0.4444
22,hidden_variable_identification,patterns,synthesis,30,0.8926,0.4444
22,hidden_variable_identification,patterns,synthesis,31,0.9080,0.4444
22,hidden_variable_identification,patterns,synthesis,32,0.9228,0.4444
22,hidden_variable_identification,patterns,synthesis,36,0.6187,0.4444
22,hidden_variable_identification,synthesis,answer,0,0.6594,0.4444
22,hidden_variable_identification,synthesis,answer,1,0.9661,0.4444
22,hidden_variable_identification,synthesis,answer,2,0.9681,0.4444
22,hidden_variable_identification,synthesis,answer,3,0.9637,0.4444
22,hidden_variable_identification,synthesis,answer,4,0.9564,0.4444
22,hidden_variable_identification,synthesis,answer,5,0.9651,0.4444
22,hidden_variable_identification,synthesis,answer,6,0.9697,0.4444
22,hidden_variable_identification,synthesis,answer,7,0.9697,0.4444
22,hidden_variable_identification,synthesis,answer,8,0.9590,0.4444
22,hidden_variable_identification,synthesis,answer,9,0.9482,0.4444
22,hidden_variable_identification,synthesis,answer,10,0.9458,0.4444
22,hidden_variable_identification,synthesis,answer,20,0.9198,0.4444
22,hidden_variable_identification,synthesis,answer,21,0.9238,0.4444
22,hidden_variable_identification,synthesis,answer,22,0.9161,0.4444
22,hidden_variable_identification,synthesis,answer,23,0.9097,0.4444
22,hidden_variable_identification,synthesis,answer,24,0.9090,0.4444
22,hidden_variable_identification,synthesis,answer,28,0.9360,0.4444
22,hidden_variable_identification,synthesis,answer,29,0.9332,0.4444
22,hidden_variable_identification,synthesis,answer,30,0.9413,0.4444
22,hidden_variable_identification,synthesis,answer,31,0.9496,0.4444
22,hidden_variable_identification,synthesis,answer,32,0.9538,0.4444
22,hidden_variable_identification,synthesis,answer,36,0.9182,0.4444
22,hidden_variable_identification,brainstorm,answer,0,0.6537,0.4444
22,hidden_variable_identification,brainstorm,answer,1,0.9559,0.4444
22,hidden_variable_identification,brainstorm,answer,2,0.9498,0.4444
22,hidden_variable_identification,brainstorm,answer,3,0.9347,0.4444
22,hidden_variable_identification,brainstorm,answer,4,0.9305,0.4444
22,hidden_variable_identification,brainstorm,answer,5,0.9445,0.4444
22,hidden_variable_identification,brainstorm,answer,6,0.9509,0.4444
22,hidden_variable_identification,brainstorm,answer,7,0.1493,0.4444
22,hidden_variable_identification,brainstorm,answer,8,0.1677,0.4444
22,hidden_variable_identification,brainstorm,answer,9,0.1778,0.4444
22,hidden_variable_identification,brainstorm,answer,10,0.1997,0.4444
22,hidden_variable_identification,brainstorm,answer,20,0.4229,0.4444
22,hidden_variable_identification,brainstorm,answer,21,0.4490,0.4444
22,hidden_variable_identification,brainstorm,answer,22,0.4532,0.4444
22,hidden_variable_identification,brainstorm,answer,23,0.4958,0.4444
22,hidden_variable_identification,brainstorm,answer,24,0.5601,0.4444
22,hidden_variable_identification,brainstorm,answer,28,0.7170,0.4444
22,hidden_variable_identification,brainstorm,answer,29,0.7473,0.4444
22,hidden_variable_identification,brainstorm,answer,30,0.7834,0.4444
22,hidden_variable_identification,brainstorm,answer,31,0.8170,0.4444
22,hidden_variable_identification,brainstorm,answer,32,0.8422,0.4444
22,hidden_variable_identification,brainstorm,answer,36,0.9032,0.4444
22,hidden_variable_identification,graph,answer,0,0.6222,0.4444
22,hidden_variable_identification,graph,answer,1,0.9498,0.4444
22,hidden_variable_identification,graph,answer,2,0.9507,0.4444
22,hidden_variable_identification,graph,answer,3,0.9397,0.4444
22,hidden_variable_identification,graph,answer,4,0.9364,0.4444
22,hidden_variable_identification,graph,answer,5,0.9492,0.4444
22,hidden_variable_identification,graph,answer,6,0.9540,0.4444
22,hidden_variable_identification,graph,answer,7,0.9552,0.4444
22,hidden_variable_identification,graph,answer,8,0.9411,0.4444
22,hidden_variable_identification,graph,answer,9,0.9230,0.4444
22,hidden_variable_identification,graph,answer,10,0.9160,0.4444
22,hidden_variable_identification,graph,answer,20,0.8531,0.4444
22,hidden_variable_identification,graph,answer,21,0.8540,0.4444
22,hidden_variable_identification,graph,answer,22,0.8318,0.4444
22,hidden_variable_identification,graph,answer,23,0.8293,0.4444
22,hidden_variable_identification,graph,answer,24,0.8293,0.4444
22,hidden_variable_identification,graph,answer,28,0.8873,0.4444
22,hidden_variable_identification,graph,answer,29,0.8903,0.4444
22,hidden_variable_identification,graph,answer,30,0.9051,0.4444
22,hidden_variable_identification,graph,answer,31,0.9193,0.4444
22,hidden_variable_identification,graph,answer,32,0.9306,0.4444
22,hidden_variable_identification,graph,answer,36,0.8696,0.4444
23,model_abstraction_and_breakdown,graph,synthesis,0,0.7079,0.5714
23,model_abstraction_and_breakdown,graph,synthesis,1,0.9642,0.5714
23,model_abstraction_and_breakdown,graph,synthesis,2,0.9620,0.5714
23,model_abstraction_and_breakdown,graph,synthesis,3,0.9563,0.5714
23,model_abstraction_and_breakdown,graph,synthesis,4,0.9545,0.5714
23,model_abstraction_and_breakdown,graph,synthesis,5,0.9636,0.5714
23,model_abstraction_and_breakdown,graph,synthesis,6,0.9668,0.5714
23,model_abstraction_and_breakdown,graph,synthesis,7,0.9646,0.5714
23,model_abstraction_and_breakdown,graph,synthesis,8,0.9562,0.5714
23,model_abstraction_and_breakdown,graph,synthesis,9,0.9488,0.5714
23,model_abstraction_and_breakdown,graph,synthesis,10,0.9468,0.5714
23,model_abstraction_and_breakdown,graph,synthesis,20,0.9104,0.5714
23,model_abstraction_and_breakdown,graph,synthesis,21,0.9154,0.5714
23,model_abstraction_and_breakdown,graph,synthesis,22,0.9038,0.5714
23,model_abstraction_and_breakdown,graph,synthesis,23,0.9051,0.5714
23,model_abstraction_and_breakdown,graph,synthesis,24,0.9032,0.5714
23,model_abstraction_and_breakdown,graph,synthesis,28,0.9317,0.5714
23,model_abstraction_and_breakdown,graph,synthesis,29,0.9356,0.5714
23,model_abstraction_and_breakdown,graph,synthesis,30,0.9451,0.5714
23,model_abstraction_and_breakdown,graph,synthesis,31,0.9550,0.5714
23,model_abstraction_and_breakdown,graph,synthesis,32,0.9610,0.5714
23,model_abstraction_and_breakdown,graph,synthesis,36,0.9243,0.5714
23,model_abstraction_and_breakdown,patterns,synthesis,0,0.6740,0.5714
23,model_abstraction_and_breakdown,patterns,synthesis,1,0.9576,0.5714
23,model_abstraction_and_breakdown,patterns,synthesis,2,0.9654,0.5714
23,model_abstraction_and_breakdown,patterns,synthesis,3,0.9581,0.5714
23,model_abstraction_and_breakdown,patterns,synthesis,4,0.9446,0.5714
23,model_abstraction_and_breakdown,patterns,synthesis,5,0.9543,0.5714
23,model_abstraction_and_breakdown,patterns,synthesis,6,0.9601,0.5714
23,model_abstraction_and_breakdown,patterns,synthesis,7,0.9565,0.5714
23,model_abstraction_and_breakdown,patterns,synthesis,8,0.9426,0.5714
23,model_abstraction_and_breakdown,patterns,synthesis,9,0.9264,0.5714
23,model_abstraction_and_breakdown,patterns,synthesis,10,0.9201,0.5714
23,model_abstraction_and_breakdown,patterns,synthesis,20,0.8483,0.5714
23,model_abstraction_and_breakdown,patterns,synthesis,21,0.8544,0.5714
23,model_abstraction_and_breakdown,patterns,synthesis,22,0.8353,0.5714
23,model_abstraction_and_breakdown,patterns,synthesis,23,0.8381,0.5714
23,model_abstraction_and_breakdown,patterns,synthesis,24,0.8356,0.5714
23,model_abstraction_and_breakdown,patterns,synthesis,28,0.8779,0.5714
23,model_abstraction_and_breakdown,patterns,synthesis,29,0.8799,0.5714
23,model_abstraction_and_breakdown,patterns,synthesis,30,0.8965,0.5714
23,model_abstraction_and_breakdown,patterns,synthesis,31,0.9129,0.5714
23,model_abstraction_and_breakdown,patterns,synthesis,32,0.9261,0.5714
23,model_abstraction_and_breakdown,patterns,synthesis,36,0.8421,0.5714
26,hidden_variable_identification,graph,synthesis,0,0.7057,0.5714
26,hidden_variable_identification,graph,synthesis,1,0.9650,0.5714
26,hidden_variable_identification,graph,synthesis,2,0.9618,0.5714
26,hidden_variable_identification,graph,synthesis,3,0.9531,0.5714
26,hidden_variable_identification,graph,synthesis,4,0.9490,0.5714
26,hidden_variable_identification,graph,synthesis,5,0.9598,0.5714
26,hidden_variable_identification,graph,synthesis,6,0.9637,0.5714
26,hidden_variable_identification,graph,synthesis,7,0.9615,0.5714
26,hidden_variable_identification,graph,synthesis,8,0.9502,0.5714
26,hidden_variable_identification,graph,synthesis,9,0.9436,0.5714
26,hidden_variable_identification,graph,synthesis,10,0.9388,0.5714
26,hidden_variable_identification,graph,synthesis,20,0.8988,0.5714
26,hidden_variable_identification,graph,synthesis,21,0.9024,0.5714
26,hidden_variable_identification,graph,synthesis,22,0.8861,0.5714
26,hidden_variable_identification,graph,synthesis,23,0.8834,0.5714
26,hidden_variable_identification,graph,synthesis,24,0.8890,0.5714
26,hidden_variable_identification,graph,synthesis,28,0.9353,0.5714
26,hidden_variable_identification,graph,synthesis,29,0.9409,0.5714
26,hidden_variable_identification,graph,synthesis,30,0.9500,0.5714
26,hidden_variable_identification,graph,synthesis,31,0.9577,0.5714
26,hidden_variable_identification,graph,synthesis,32,0.9636,0.5714
26,hidden_variable_identification,graph,synthesis,36,0.8339,0.5714
26,hidden_variable_identification,patterns,synthesis,0,0.7291,0.5714
26,hidden_variable_identification,patterns,synthesis,1,0.9625,0.5714
26,hidden_variable_identification,patterns,synthesis,2,0.9625,0.5714
26,hidden_variable_identification,patterns,synthesis,3,0.9603,0.5714
26,hidden_variable_identification,patterns,synthesis,4,0.9567,0.5714
26,hidden_variable_identification,patterns,synthesis,5,0.9644,0.5714
26,hidden_variable_identification,patterns,synthesis,6,0.9691,0.5714
26,hidden_variable_identification,patterns,synthesis,7,0.9664,0.5714
26,hidden_variable_identification,patterns,synthesis,8,0.9587,0.5714
26,hidden_variable_identification,patterns,synthesis,9,0.9515,0.5714
26,hidden_variable_identification,patterns,synthesis,10,0.9462,0.5714
26,hidden_variable_identification,patterns,synthesis,20,0.9023,0.5714
26,hidden_variable_identification,patterns,synthesis,21,0.9024,0.5714
26,hidden_variable_identification,patterns,synthesis,22,0.8848,0.5714
26,hidden_variable_identification,patterns,synthesis,23,0.8891,0.5714
26,hidden_variable_identification,patterns,synthesis,24,0.8861,0.5714
26,hidden_variable_identification,patterns,synthesis,28,0.9231,0.5714
26,hidden_variable_identification,patterns,synthesis,29,0.9295,0.5714
26,hidden_variable_identification,patterns,synthesis,30,0.9412,0.5714
26,hidden_variable_identification,patterns,synthesis,31,0.9511,0.5714
26,hidden_variable_identification,patterns,synthesis,32,0.9568,0.5714
26,hidden_variable_identification,patterns,synthesis,36,0.9127,0.5714
26,hidden_variable_identification,synthesis,answer,0,0.6768,0.5714
26,hidden_variable_identification,synthesis,answer,1,0.9640,0.5714
26,hidden_variable_identification,synthesis,answer,2,0.9619,0.5714
26,hidden_variable_identification,synthesis,answer,3,0.9566,0.5714
26,hidden_variable_identification,synthesis,answer,4,0.9509,0.5714
26,hidden_variable_identification,synthesis,answer,5,0.9582,0.5714
26,hidden_variable_identification,synthesis,answer,6,0.9631,0.5714
26,hidden_variable_identification,synthesis,answer,7,0.9645,0.5714
26,hidden_variable_identification,synthesis,answer,8,0.9582,0.5714
26,hidden_variable_identification,synthesis,answer,9,0.9518,0.5714
26,hidden_variable_identification,synthesis,answer,10,0.9455,0.5714
26,hidden_variable_identification,synthesis,answer,20,0.8866,0.5714
26,hidden_variable_identification,synthesis,answer,21,0.8868,0.5714
26,hidden_variable_identification,synthesis,answer,22,0.8654,0.5714
26,hidden_variable_identification,synthesis,answer,23,0.8571,0.5714
26,hidden_variable_identification,synthesis,answer,24,0.8523,0.5714
26,hidden_variable_identification,synthesis,answer,28,0.9069,0.5714
26,hidden_variable_identification,synthesis,answer,29,0.9156,0.5714
26,hidden_variable_identification,synthesis,answer,30,0.9300,0.5714
26,hidden_variable_identification,synthesis,answer,31,0.9391,0.5714
26,hidden_variable_identification,synthesis,answer,32,0.9466,0.5714
26,hidden_variable_identification,synthesis,answer,36,0.6333,0.5714
26,hidden_variable_identification,brainstorm,answer,0,0.6360,0.5714
26,hidden_variable_identification,brainstorm,answer,1,0.9662,0.5714
26,hidden_variable_identification,brainstorm,answer,2,0.9658,0.5714
26,hidden_variable_identification,brainstorm,answer,3,0.9630,0.5714
26,hidden_variable_identification,brainstorm,answer,4,0.9597,0.5714
26,hidden_variable_identification,brainstorm,answer,5,0.9688,0.5714
26,hidden_variable_identification,brainstorm,answer,6,0.9713,0.5714
26,hidden_variable_identification,brainstorm,answer,7,0.1512,0.5714
26,hidden_variable_identification,brainstorm,answer,8,0.1743,0.5714
26,hidden_variable_identification,brainstorm,answer,9,0.1823,0.5714
26,hidden_variable_identification,brainstorm,answer,10,0.2052,0.5714
26,hidden_variable_identification,brainstorm,answer,20,0.4318,0.5714
26,hidden_variable_identification,brainstorm,answer,21,0.4561,0.5714
26,hidden_variable_identification,brainstorm,answer,22,0.4674,0.5714
26,hidden_variable_identification,brainstorm,answer,23,0.4864,0.5714
26,hidden_variable_identification,brainstorm,answer,24,0.5520,0.5714
26,hidden_variable_identification,brainstorm,answer,28,0.7379,0.5714
26,hidden_variable_identification,brainstorm,answer,29,0.7717,0.5714
26,hidden_variable_identification,brainstorm,answer,30,0.8031,0.5714
26,hidden_variable_identification,brainstorm,answer,31,0.8349,0.5714
26,hidden_variable_identification,brainstorm,answer,32,0.8560,0.5714
26,hidden_variable_identification,brainstorm,answer,36,0.6636,0.5714
26,hidden_variable_identification,graph,answer,0,0.7310,0.5714
26,hidden_variable_identification,graph,answer,1,0.9759,0.5714
26,hidden_variable_identification,graph,answer,2,0.9739,0.5714
26,hidden_variable_identification,graph,answer,3,0.9657,0.5714
26,hidden_variable_identification,graph,answer,4,0.9661,0.5714
26,hidden_variable_identification,graph,answer,5,0.9723,0.5714
26,hidden_variable_identification,graph,answer,6,0.9755,0.5714
26,hidden_variable_identification,graph,answer,7,0.9741,0.5714
26,hidden_variable_identification,graph,answer,8,0.9678,0.5714
26,hidden_variable_identification,graph,answer,9,0.9621,0.5714
26,hidden_variable_identification,graph,answer,10,0.9600,0.5714
26,hidden_variable_identification,graph,answer,20,0.9224,0.5714
26,hidden_variable_identification,graph,answer,21,0.9245,0.5714
26,hidden_variable_identification,graph,answer,22,0.9123,0.5714
26,hidden_variable_identification,graph,answer,23,0.9054,0.5714
26,hidden_variable_identification,graph,answer,24,0.9062,0.5714
26,hidden_variable_identification,graph,answer,28,0.9407,0.5714
26,hidden_variable_identification,graph,answer,29,0.9452,0.5714
26,hidden_variable_identification,graph,answer,30,0.9528,0.5714
26,hidden_variable_identification,graph,answer,31,0.9589,0.5714
26,hidden_variable_identification,graph,answer,32,0.9643,0.5714
26,hidden_variable_identification,graph,answer,36,0.8450,0.5714
28,model_abstraction_and_breakdown,graph,synthesis,0,0.7750,0.5455
28,model_abstraction_and_breakdown,graph,synthesis,1,0.9729,0.5455
28,model_abstraction_and_breakdown,graph,synthesis,2,0.9742,0.5455
28,model_abstraction_and_breakdown,graph,synthesis,3,0.9704,0.5455
28,model_abstraction_and_breakdown,graph,synthesis,4,0.9663,0.5455
28,model_abstraction_and_breakdown,graph,synthesis,5,0.9709,0.5455
28,model_abstraction_and_breakdown,graph,synthesis,6,0.9727,0.5455
28,model_abstraction_and_breakdown,graph,synthesis,7,0.9690,0.5455
28,model_abstraction_and_breakdown,graph,synthesis,8,0.9560,0.5455
28,model_abstraction_and_breakdown,graph,synthesis,9,0.9466,0.5455
28,model_abstraction_and_breakdown,graph,synthesis,10,0.9431,0.5455
28,model_abstraction_and_breakdown,graph,synthesis,20,0.9123,0.5455
28,model_abstraction_and_breakdown,graph,synthesis,21,0.9179,0.5455
28,model_abstraction_and_breakdown,graph,synthesis,22,0.9060,0.5455
28,model_abstraction_and_breakdown,graph,synthesis,23,0.9032,0.5455
28,model_abstraction_and_breakdown,graph,synthesis,24,0.9083,0.5455
28,model_abstraction_and_breakdown,graph,synthesis,28,0.9419,0.5455
28,model_abstraction_and_breakdown,graph,synthesis,29,0.9443,0.5455
28,model_abstraction_and_breakdown,graph,synthesis,30,0.9534,0.5455
28,model_abstraction_and_breakdown,graph,synthesis,31,0.9601,0.5455
28,model_abstraction_and_breakdown,graph,synthesis,32,0.9653,0.5455
28,model_abstraction_and_breakdown,graph,synthesis,36,0.9484,0.5455
28,model_abstraction_and_breakdown,patterns,synthesis,0,0.6922,0.5455
28,model_abstraction_and_breakdown,patterns,synthesis,1,0.9631,0.5455
28,model_abstraction_and_breakdown,patterns,synthesis,2,0.9650,0.5455
28,model_abstraction_and_breakdown,patterns,synthesis,3,0.9624,0.5455
28,model_abstraction_and_breakdown,patterns,synthesis,4,0.9575,0.5455
28,model_abstraction_and_breakdown,patterns,synthesis,5,0.9632,0.5455
28,model_abstraction_and_breakdown,patterns,synthesis,6,0.9662,0.5455
28,model_abstraction_and_breakdown,patterns,synthesis,7,0.9644,0.5455
28,model_abstraction_and_breakdown,patterns,synthesis,8,0.9542,0.5455
28,model_abstraction_and_breakdown,patterns,synthesis,9,0.9427,0.5455
28,model_abstraction_and_breakdown,patterns,synthesis,10,0.9358,0.5455
28,model_abstraction_and_breakdown,patterns,synthesis,20,0.8993,0.5455
28,model_abstraction_and_breakdown,patterns,synthesis,21,0.9022,0.5455
28,model_abstraction_and_breakdown,patterns,synthesis,22,0.8929,0.5455
28,model_abstraction_and_breakdown,patterns,synthesis,23,0.8874,0.5455
28,model_abstraction_and_breakdown,patterns,synthesis,24,0.8838,0.5455
28,model_abstraction_and_breakdown,patterns,synthesis,28,0.9138,0.5455
28,model_abstraction_and_breakdown,patterns,synthesis,29,0.9143,0.5455
28,model_abstraction_and_breakdown,patterns,synthesis,30,0.9240,0.5455
28,model_abstraction_and_breakdown,patterns,synthesis,31,0.9350,0.5455
28,model_abstraction_and_breakdown,patterns,synthesis,32,0.9436,0.5455
28,model_abstraction_and_breakdown,patterns,synthesis,36,0.9129,0.5455
28,model_abstraction_and_breakdown,synthesis,answer,0,0.6183,0.5455
28,model_abstraction_and_breakdown,synthesis,answer,1,0.9609,0.5455
28,model_abstraction_and_breakdown,synthesis,answer,2,0.9578,0.5455
28,model_abstraction_and_breakdown,synthesis,answer,3,0.9490,0.5455
28,model_abstraction_and_breakdown,synthesis,answer,4,0.9426,0.5455
28,model_abstraction_and_breakdown,synthesis,answer,5,0.9528,0.5455
28,model_abstraction_and_breakdown,synthesis,answer,6,0.9573,0.5455
28,model_abstraction_and_breakdown,synthesis,answer,7,0.9598,0.5455
28,model_abstraction_and_breakdown,synthesis,answer,8,0.9486,0.5455
28,model_abstraction_and_breakdown,synthesis,answer,9,0.9405,0.5455
28,model_abstraction_and_breakdown,synthesis,answer,10,0.9348,0.5455
28,model_abstraction_and_breakdown,synthesis,answer,20,0.8809,0.5455
28,model_abstraction_and_breakdown,synthesis,answer,21,0.8838,0.5455
28,model_abstraction_and_breakdown,synthesis,answer,22,0.8692,0.5455
28,model_abstraction_and_breakdown,synthesis,answer,23,0.8606,0.5455
28,model_abstraction_and_breakdown,synthesis,answer,24,0.8689,0.5455
28,model_abstraction_and_breakdown,synthesis,answer,28,0.9176,0.5455
28,model_abstraction_and_breakdown,synthesis,answer,29,0.9211,0.5455
28,model_abstraction_and_breakdown,synthesis,answer,30,0.9338,0.5455
28,model_abstraction_and_breakdown,synthesis,answer,31,0.9441,0.5455
28,model_abstraction_and_breakdown,synthesis,answer,32,0.9514,0.5455
28,model_abstraction_and_breakdown,synthesis,answer,36,0.6758,0.5455
28,model_abstraction_and_breakdown,brainstorm,answer,0,0.6307,0.5455
28,model_abstraction_and_breakdown,brainstorm,answer,1,0.9627,0.5455
28,model_abstraction_and_breakdown,brainstorm,answer,2,0.9534,0.5455
28,model_abstraction_and_breakdown,brainstorm,answer,3,0.9388,0.5455
28,model_abstraction_and_breakdown,brainstorm,answer,4,0.9295,0.5455
28,model_abstraction_and_breakdown,brainstorm,answer,5,0.9430,0.5455
28,model_abstraction_and_breakdown,brainstorm,answer,6,0.9494,0.5455
28,model_abstraction_and_breakdown,brainstorm,answer,7,0.1565,0.5455
28,model_abstraction_and_breakdown,brainstorm,answer,8,0.1778,0.5455
28,model_abstraction_and_breakdown,brainstorm,answer,9,0.1931,0.5455
28,model_abstraction_and_breakdown,brainstorm,answer,10,0.2119,0.5455
28,model_abstraction_and_breakdown,brainstorm,answer,20,0.4312,0.5455
28,model_abstraction_and_breakdown,brainstorm,answer,21,0.4516,0.5455
28,model_abstraction_and_breakdown,brainstorm,answer,22,0.4568,0.5455
28,model_abstraction_and_breakdown,brainstorm,answer,23,0.5036,0.5455
28,model_abstraction_and_breakdown,brainstorm,answer,24,0.5622,0.5455
28,model_abstraction_and_breakdown,brainstorm,answer,28,0.7215,0.5455
28,model_abstraction_and_breakdown,brainstorm,answer,29,0.7485,0.5455
28,model_abstraction_and_breakdown,brainstorm,answer,30,0.7830,0.5455
28,model_abstraction_and_breakdown,brainstorm,answer,31,0.8136,0.5455
28,model_abstraction_and_breakdown,brainstorm,answer,32,0.8384,0.5455
28,model_abstraction_and_breakdown,brainstorm,answer,36,0.9180,0.5455
28,model_abstraction_and_breakdown,graph,answer,0,0.6608,0.5455
28,model_abstraction_and_breakdown,graph,answer,1,0.9612,0.5455
28,model_abstraction_and_breakdown,graph,answer,2,0.9600,0.5455
28,model_abstraction_and_breakdown,graph,answer,3,0.9507,0.5455
28,model_abstraction_and_breakdown,graph,answer,4,0.9437,0.5455
28,model_abstraction_and_breakdown,graph,answer,5,0.9513,0.5455
28,model_abstraction_and_breakdown,graph,answer,6,0.9558,0.5455
28,model_abstraction_and_breakdown,graph,answer,7,0.9537,0.5455
28,model_abstraction_and_breakdown,graph,answer,8,0.9399,0.5455
28,model_abstraction_and_breakdown,graph,answer,9,0.9306,0.5455
28,model_abstraction_and_breakdown,graph,answer,10,0.9219,0.5455
28,model_abstraction_and_breakdown,graph,answer,20,0.8757,0.5455
28,model_abstraction_and_breakdown,graph,answer,21,0.8840,0.5455
28,model_abstraction_and_breakdown,graph,answer,22,0.8696,0.5455
28,model_abstraction_and_breakdown,graph,answer,23,0.8701,0.5455
28,model_abstraction_and_breakdown,graph,answer,24,0.8784,0.5455
28,model_abstraction_and_breakdown,graph,answer,28,0.9214,0.5455
28,model_abstraction_and_breakdown,graph,answer,29,0.9250,0.5455
28,model_abstraction_and_breakdown,graph,answer,30,0.9382,0.5455
28,model_abstraction_and_breakdown,graph,answer,31,0.9465,0.5455
28,model_abstraction_and_breakdown,graph,answer,32,0.9517,0.5455
28,model_abstraction_and_breakdown,graph,answer,36,0.9210,0.5455
29,hidden_variable_identification,graph,synthesis,0,0.7267,0.6000
29,hidden_variable_identification,graph,synthesis,1,0.9627,0.6000
29,hidden_variable_identification,graph,synthesis,2,0.9625,0.6000
29,hidden_variable_identification,graph,synthesis,3,0.9549,0.6000
29,hidden_variable_identification,graph,synthesis,4,0.9517,0.6000
29,hidden_variable_identification,graph,synthesis,5,0.9630,0.6000
29,hidden_variable_identification,graph,synthesis,6,0.9658,0.6000
29,hidden_variable_identification,graph,synthesis,7,0.9627,0.6000
29,hidden_variable_identification,graph,synthesis,8,0.9501,0.6000
29,hidden_variable_identification,graph,synthesis,9,0.9378,0.6000
29,hidden_variable_identification,graph,synthesis,10,0.9330,0.6000
29,hidden_variable_identification,graph,synthesis,20,0.8992,0.6000
29,hidden_variable_identification,graph,synthesis,21,0.9070,0.6000
29,hidden_variable_identification,graph,synthesis,22,0.8899,0.6000
29,hidden_variable_identification,graph,synthesis,23,0.8956,0.6000
29,hidden_variable_identification,graph,synthesis,24,0.8948,0.6000
29,hidden_variable_identification,graph,synthesis,28,0.9310,0.6000
29,hidden_variable_identification,graph,synthesis,29,0.9354,0.6000
29,hidden_variable_identification,graph,synthesis,30,0.9458,0.6000
29,hidden_variable_identification,graph,synthesis,31,0.9542,0.6000
29,hidden_variable_identification,graph,synthesis,32,0.9591,0.6000
29,hidden_variable_identification,graph,synthesis,36,0.9325,0.6000
29,hidden_variable_identification,patterns,synthesis,0,0.6196,0.6000
29,hidden_variable_identification,patterns,synthesis,1,0.9601,0.6000
29,hidden_variable_identification,patterns,synthesis,2,0.9629,0.6000
29,hidden_variable_identification,patterns,synthesis,3,0.9589,0.6000
29,hidden_variable_identification,patterns,synthesis,4,0.9516,0.6000
29,hidden_variable_identification,patterns,synthesis,5,0.9599,0.6000
29,hidden_variable_identification,patterns,synthesis,6,0.9637,0.6000
29,hidden_variable_identification,patterns,synthesis,7,0.9630,0.6000
29,hidden_variable_identification,patterns,synthesis,8,0.9498,0.6000
29,hidden_variable_identification,patterns,synthesis,9,0.9359,0.6000
29,hidden_variable_identification,patterns,synthesis,10,0.9311,0.6000
29,hidden_variable_identification,patterns,synthesis,20,0.8861,0.6000
29,hidden_variable_identification,patterns,synthesis,21,0.8954,0.6000
29,hidden_variable_identification,patterns,synthesis,22,0.8771,0.6000
29,hidden_variable_identification,patterns,synthesis,23,0.8738,0.6000
29,hidden_variable_identification,patterns,synthesis,24,0.8685,0.6000
29,hidden_variable_identification,patterns,synthesis,28,0.9065,0.6000
29,hidden_variable_identification,patterns,synthesis,29,0.9112,0.6000
29,hidden_variable_identification,patterns,synthesis,30,0.9255,0.6000
29,hidden_variable_identification,patterns,synthesis,31,0.9382,0.6000
29,hidden_variable_identification,patterns,synthesis,32,0.9475,0.6000
29,hidden_variable_identification,patterns,synthesis,36,0.9043,0.6000
30,model_abstraction_and_breakdown,graph,synthesis,0,0.3512,0.5455
30,model_abstraction_and_breakdown,graph,synthesis,1,0.8893,0.5455
30,model_abstraction_and_breakdown,graph,synthesis,2,0.8899,0.5455
30,model_abstraction_and_breakdown,graph,synthesis,3,0.8796,0.5455
30,model_abstraction_and_breakdown,graph,synthesis,4,0.8501,0.5455
30,model_abstraction_and_breakdown,graph,synthesis,5,0.8682,0.5455
30,model_abstraction_and_breakdown,graph,synthesis,6,0.8853,0.5455
30,model_abstraction_and_breakdown,graph,synthesis,7,0.8698,0.5455
30,model_abstraction_and_breakdown,graph,synthesis,8,0.8538,0.5455
30,model_abstraction_and_breakdown,graph,synthesis,9,0.8392,0.5455
30,model_abstraction_and_breakdown,graph,synthesis,10,0.8317,0.5455
30,model_abstraction_and_breakdown,graph,synthesis,20,0.7458,0.5455
30,model_abstraction_and_breakdown,graph,synthesis,21,0.7809,0.5455
30,model_abstraction_and_breakdown,graph,synthesis,22,0.7560,0.5455
30,model_abstraction_and_breakdown,graph,synthesis,23,0.7602,0.5455
30,model_abstraction_and_breakdown,graph,synthesis,24,0.7466,0.5455
30,model_abstraction_and_breakdown,graph,synthesis,28,0.7865,0.5455
30,model_abstraction_and_breakdown,graph,synthesis,29,0.7997,0.5455
30,model_abstraction_and_breakdown,graph,synthesis,30,0.8173,0.5455
30,model_abstraction_and_breakdown,graph,synthesis,31,0.8300,0.5455
30,model_abstraction_and_breakdown,graph,synthesis,32,0.8449,0.5455
30,model_abstraction_and_breakdown,graph,synthesis,36,0.4269,0.5455
30,model_abstraction_and_breakdown,patterns,synthesis,0,0.3919,0.5455
30,model_abstraction_and_breakdown,patterns,synthesis,1,0.8938,0.5455
30,model_abstraction_and_breakdown,patterns,synthesis,2,0.8929,0.5455
30,model_abstraction_and_breakdown,patterns,synthesis,3,0.8763,0.5455
30,model_abstraction_and_breakdown,patterns,synthesis,4,0.8477,0.5455
30,model_abstraction_and_breakdown,patterns,synthesis,5,0.8663,0.5455
30,model_abstraction_and_breakdown,patterns,synthesis,6,0.8857,0.5455
30,model_abstraction_and_breakdown,patterns,synthesis,7,0.8691,0.5455
30,model_abstraction_and_breakdown,patterns,synthesis,8,0.8500,0.5455
30,model_abstraction_and_breakdown,patterns,synthesis,9,0.8284,0.5455
30,model_abstraction_and_breakdown,patterns,synthesis,10,0.8162,0.5455
30,model_abstraction_and_breakdown,patterns,synthesis,20,0.6857,0.5455
30,model_abstraction_and_breakdown,patterns,synthesis,21,0.7180,0.5455
30,model_abstraction_and_breakdown,patterns,synthesis,22,0.6890,0.5455
30,model_abstraction_and_breakdown,patterns,synthesis,23,0.6900,0.5455
30,model_abstraction_and_breakdown,patterns,synthesis,24,0.6752,0.5455
30,model_abstraction_and_breakdown,patterns,synthesis,28,0.7507,0.5455
30,model_abstraction_and_breakdown,patterns,synthesis,29,0.7654,0.5455
30,model_abstraction_and_breakdown,patterns,synthesis,30,0.7889,0.5455
30,model_abstraction_and_breakdown,patterns,synthesis,31,0.8083,0.5455
30,model_abstraction_and_breakdown,patterns,synthesis,32,0.8266,0.5455
30,model_abstraction_and_breakdown,patterns,synthesis,36,0.4116,0.5455
31,model_abstraction_and_breakdown,graph,synthesis,0,0.6984,1.0000
31,model_abstraction_and_breakdown,graph,synthesis,1,0.9696,1.0000
31,model_abstraction_and_breakdown,graph,synthesis,2,0.9682,1.0000
31,model_abstraction_and_breakdown,graph,synthesis,3,0.9598,1.0000
31,model_abstraction_and_breakdown,graph,synthesis,4,0.9556,1.0000
31,model_abstraction_and_breakdown,graph,synthesis,5,0.9665,1.0000
31,model_abstraction_and_breakdown,graph,synthesis,6,0.9709,1.0000
31,model_abstraction_and_breakdown,graph,synthesis,7,0.9725,1.0000
31,model_abstraction_and_breakdown,graph,synthesis,8,0.9636,1.0000
31,model_abstraction_and_breakdown,graph,synthesis,9,0.9586,1.0000
31,model_abstraction_and_breakdown,graph,synthesis,10,0.9563,1.0000
31,model_abstraction_and_breakdown,graph,synthesis,20,0.9215,1.0000
31,model_abstraction_and_breakdown,graph,synthesis,21,0.9244,1.0000
31,model_abstraction_and_breakdown,graph,synthesis,22,0.9101,1.0000
31,model_abstraction_and_breakdown,graph,synthesis,23,0.9003,1.0000
31,model_abstraction_and_breakdown,graph,synthesis,24,0.9070,1.0000
31,model_abstraction_and_breakdown,graph,synthesis,28,0.9414,1.0000
31,model_abstraction_and_breakdown,graph,synthesis,29,0.9455,1.0000
31,model_abstraction_and_breakdown,graph,synthesis,30,0.9543,1.0000
31,model_abstraction_and_breakdown,graph,synthesis,31,0.9619,1.0000
31,model_abstraction_and_breakdown,graph,synthesis,32,0.9666,1.0000
31,model_abstraction_and_breakdown,graph,synthesis,36,0.7721,1.0000
31,model_abstraction_and_breakdown,patterns,synthesis,0,0.6449,1.0000
31,model_abstraction_and_breakdown,patterns,synthesis,1,0.9640,1.0000
31,model_abstraction_and_breakdown,patterns,synthesis,2,0.9662,1.0000
31,model_abstraction_and_breakdown,patterns,synthesis,3,0.9641,1.0000
31,model_abstraction_and_breakdown,patterns,synthesis,4,0.9570,1.0000
31,model_abstraction_and_breakdown,patterns,synthesis,5,0.9625,1.0000
31,model_abstraction_and_breakdown,patterns,synthesis,6,0.9663,1.0000
31,model_abstraction_and_breakdown,patterns,synthesis,7,0.9644,1.0000
31,model_abstraction_and_breakdown,patterns,synthesis,8,0.9553,1.0000
31,model_abstraction_and_breakdown,patterns,synthesis,9,0.9379,1.0000
31,model_abstraction_and_breakdown,patterns,synthesis,10,0.9295,1.0000
31,model_abstraction_and_breakdown,patterns,synthesis,20,0.9052,1.0000
31,model_abstraction_and_breakdown,patterns,synthesis,21,0.9098,1.0000
31,model_abstraction_and_breakdown,patterns,synthesis,22,0.8981,1.0000
31,model_abstraction_and_breakdown,patterns,synthesis,23,0.8977,1.0000
31,model_abstraction_and_breakdown,patterns,synthesis,24,0.8897,1.0000
31,model_abstraction_and_breakdown,patterns,synthesis,28,0.9174,1.0000
31,model_abstraction_and_breakdown,patterns,synthesis,29,0.9188,1.0000
31,model_abstraction_and_breakdown,patterns,synthesis,30,0.9303,1.0000
31,model_abstraction_and_breakdown,patterns,synthesis,31,0.9404,1.0000
31,model_abstraction_and_breakdown,patterns,synthesis,32,0.9467,1.0000
31,model_abstraction_and_breakdown,patterns,synthesis,36,0.9185,1.0000
31,model_abstraction_and_breakdown,synthesis,answer,0,0.6087,1.0000
31,model_abstraction_and_breakdown,synthesis,answer,1,0.9389,1.0000
31,model_abstraction_and_breakdown,synthesis,answer,2,0.9430,1.0000
31,model_abstraction_and_breakdown,synthesis,answer,3,0.9333,1.0000
31,model_abstraction_and_breakdown,synthesis,answer,4,0.9267,1.0000
31,model_abstraction_and_breakdown,synthesis,answer,5,0.9402,1.0000
31,model_abstraction_and_breakdown,synthesis,answer,6,0.9457,1.0000
31,model_abstraction_and_breakdown,synthesis,answer,7,0.9479,1.0000
31,model_abstraction_and_breakdown,synthesis,answer,8,0.9344,1.0000
31,model_abstraction_and_breakdown,synthesis,answer,9,0.9242,1.0000
31,model_abstraction_and_breakdown,synthesis,answer,10,0.9192,1.0000
31,model_abstraction_and_breakdown,synthesis,answer,20,0.8545,1.0000
31,model_abstraction_and_breakdown,synthesis,answer,21,0.8671,1.0000
31,model_abstraction_and_breakdown,synthesis,answer,22,0.8443,1.0000
31,model_abstraction_and_breakdown,synthesis,answer,23,0.8426,1.0000
31,model_abstraction_and_breakdown,synthesis,answer,24,0.8476,1.0000
31,model_abstraction_and_breakdown,synthesis,answer,28,0.9020,1.0000
31,model_abstraction_and_breakdown,synthesis,answer,29,0.9089,1.0000
31,model_abstraction_and_breakdown,synthesis,answer,30,0.9228,1.0000
31,model_abstraction_and_breakdown,synthesis,answer,31,0.9340,1.0000
31,model_abstraction_and_breakdown,synthesis,answer,32,0.9435,1.0000
31,model_abstraction_and_breakdown,synthesis,answer,36,0.8570,1.0000
31,model_abstraction_and_breakdown,brainstorm,answer,0,0.6747,1.0000
31,model_abstraction_and_breakdown,brainstorm,answer,1,0.9608,1.0000
31,model_abstraction_and_breakdown,brainstorm,answer,2,0.9537,1.0000
31,model_abstraction_and_breakdown,brainstorm,answer,3,0.9448,1.0000
31,model_abstraction_and_breakdown,brainstorm,answer,4,0.9450,1.0000
31,model_abstraction_and_breakdown,brainstorm,answer,5,0.9578,1.0000
31,model_abstraction_and_breakdown,brainstorm,answer,6,0.9629,1.0000
31,model_abstraction_and_breakdown,brainstorm,answer,7,0.1401,1.0000
31,model_abstraction_and_breakdown,brainstorm,answer,8,0.1524,1.0000
31,model_abstraction_and_breakdown,brainstorm,answer,9,0.1589,1.0000
31,model_abstraction_and_breakdown,brainstorm,answer,10,0.1747,1.0000
31,model_abstraction_and_breakdown,brainstorm,answer,20,0.4100,1.0000
31,model_abstraction_and_breakdown,brainstorm,answer,21,0.4426,1.0000
31,model_abstraction_and_breakdown,brainstorm,answer,22,0.4430,1.0000
31,model_abstraction_and_breakdown,brainstorm,answer,23,0.4859,1.0000
31,model_abstraction_and_breakdown,brainstorm,answer,24,0.5486,1.0000
31,model_abstraction_and_breakdown,brainstorm,answer,28,0.7226,1.0000
31,model_abstraction_and_breakdown,brainstorm,answer,29,0.7534,1.0000
31,model_abstraction_and_breakdown,brainstorm,answer,30,0.7857,1.0000
31,model_abstraction_and_breakdown,brainstorm,answer,31,0.8209,1.0000
31,model_abstraction_and_breakdown,brainstorm,answer,32,0.8469,1.0000
31,model_abstraction_and_breakdown,brainstorm,answer,36,0.9008,1.0000
31,model_abstraction_and_breakdown,graph,answer,0,0.6822,1.0000
31,model_abstraction_and_breakdown,graph,answer,1,0.9518,1.0000
31,model_abstraction_and_breakdown,graph,answer,2,0.9510,1.0000
31,model_abstraction_and_breakdown,graph,answer,3,0.9405,1.0000
31,model_abstraction_and_breakdown,graph,answer,4,0.9372,1.0000
31,model_abstraction_and_breakdown,graph,answer,5,0.9524,1.0000
31,model_abstraction_and_breakdown,graph,answer,6,0.9565,1.0000
31,model_abstraction_and_breakdown,graph,answer,7,0.9598,1.0000
31,model_abstraction_and_breakdown,graph,answer,8,0.9459,1.0000
31,model_abstraction_and_breakdown,graph,answer,9,0.9370,1.0000
31,model_abstraction_and_breakdown,graph,answer,10,0.9335,1.0000
31,model_abstraction_and_breakdown,graph,answer,20,0.8673,1.0000
31,model_abstraction_and_breakdown,graph,answer,21,0.8811,1.0000
31,model_abstraction_and_breakdown,graph,answer,22,0.8549,1.0000
31,model_abstraction_and_breakdown,graph,answer,23,0.8520,1.0000
31,model_abstraction_and_breakdown,graph,answer,24,0.8537,1.0000
31,model_abstraction_and_breakdown,graph,answer,28,0.9081,1.0000
31,model_abstraction_and_breakdown,graph,answer,29,0.9162,1.0000
31,model_abstraction_and_breakdown,graph,answer,30,0.9289,1.0000
31,model_abstraction_and_breakdown,graph,answer,31,0.9401,1.0000
31,model_abstraction_and_breakdown,graph,answer,32,0.9492,1.0000
31,model_abstraction_and_breakdown,graph,answer,36,0.7057,1.0000
17,hidden_variable_identification,synthesis,answer,0,0.6670,0.4615
17,hidden_variable_identification,synthesis,answer,1,0.9695,0.4615
17,hidden_variable_identification,synthesis,answer,2,0.9658,0.4615
17,hidden_variable_identification,synthesis,answer,3,0.9598,0.4615
17,hidden_variable_identification,synthesis,answer,4,0.9594,0.4615
17,hidden_variable_identification,synthesis,answer,5,0.9674,0.4615
17,hidden_variable_identification,synthesis,answer,6,0.9722,0.4615
17,hidden_variable_identification,synthesis,answer,7,0.9725,0.4615
17,hidden_variable_identification,synthesis,answer,8,0.9631,0.4615
17,hidden_variable_identification,synthesis,answer,9,0.9524,0.4615
17,hidden_variable_identification,synthesis,answer,10,0.9488,0.4615
17,hidden_variable_identification,synthesis,answer,20,0.8894,0.4615
17,hidden_variable_identification,synthesis,answer,21,0.8926,0.4615
17,hidden_variable_identification,synthesis,answer,22,0.8798,0.4615
17,hidden_variable_identification,synthesis,answer,23,0.8734,0.4615
17,hidden_variable_identification,synthesis,answer,24,0.8749,0.4615
17,hidden_variable_identification,synthesis,answer,28,0.9107,0.4615
17,hidden_variable_identification,synthesis,answer,29,0.9157,0.4615
17,hidden_variable_identification,synthesis,answer,30,0.9277,0.4615
17,hidden_variable_identification,synthesis,answer,31,0.9383,0.4615
17,hidden_variable_identification,synthesis,answer,32,0.9463,0.4615
17,hidden_variable_identification,synthesis,answer,36,0.7873,0.4615
17,hidden_variable_identification,brainstorm,answer,0,0.7976,0.4615
17,hidden_variable_identification,brainstorm,answer,1,0.9755,0.4615
17,hidden_variable_identification,brainstorm,answer,2,0.9711,0.4615
17,hidden_variable_identification,brainstorm,answer,3,0.9636,0.4615
17,hidden_variable_identification,brainstorm,answer,4,0.9572,0.4615
17,hidden_variable_identification,brainstorm,answer,5,0.9667,0.4615
17,hidden_variable_identification,brainstorm,answer,6,0.9700,0.4615
17,hidden_variable_identification,brainstorm,answer,7,0.1490,0.4615
17,hidden_variable_identification,brainstorm,answer,8,0.1709,0.4615
17,hidden_variable_identification,brainstorm,answer,9,0.1809,0.4615
17,hidden_variable_identification,brainstorm,answer,10,0.1977,0.4615
17,hidden_variable_identification,brainstorm,answer,20,0.4183,0.4615
17,hidden_variable_identification,brainstorm,answer,21,0.4451,0.4615
17,hidden_variable_identification,brainstorm,answer,22,0.4494,0.4615
17,hidden_variable_identification,brainstorm,answer,23,0.4880,0.4615
17,hidden_variable_identification,brainstorm,answer,24,0.5558,0.4615
17,hidden_variable_identification,brainstorm,answer,28,0.7342,0.4615
17,hidden_variable_identification,brainstorm,answer,29,0.7658,0.4615
17,hidden_variable_identification,brainstorm,answer,30,0.8006,0.4615
17,hidden_variable_identification,brainstorm,answer,31,0.8338,0.4615
17,hidden_variable_identification,brainstorm,answer,32,0.8565,0.4615
17,hidden_variable_identification,brainstorm,answer,36,0.9327,0.4615
17,hidden_variable_identification,graph,answer,0,0.7184,0.4615
17,hidden_variable_identification,graph,answer,1,0.9701,0.4615
17,hidden_variable_identification,graph,answer,2,0.9679,0.4615
17,hidden_variable_identification,graph,answer,3,0.9653,0.4615
17,hidden_variable_identification,graph,answer,4,0.9624,0.4615
17,hidden_variable_identification,graph,answer,5,0.9718,0.4615
17,hidden_variable_identification,graph,answer,6,0.9743,0.4615
17,hidden_variable_identification,graph,answer,7,0.9728,0.4615
17,hidden_variable_identification,graph,answer,8,0.9630,0.4615
17,hidden_variable_identification,graph,answer,9,0.9533,0.4615
17,hidden_variable_identification,graph,answer,10,0.9500,0.4615
17,hidden_variable_identification,graph,answer,20,0.9207,0.4615
17,hidden_variable_identification,graph,answer,21,0.9223,0.4615
17,hidden_variable_identification,graph,answer,22,0.9052,0.4615
17,hidden_variable_identification,graph,answer,23,0.9002,0.4615
17,hidden_variable_identification,graph,answer,24,0.8969,0.4615
17,hidden_variable_identification,graph,answer,28,0.9328,0.4615
17,hidden_variable_identification,graph,answer,29,0.9356,0.4615
17,hidden_variable_identification,graph,answer,30,0.9448,0.4615
17,hidden_variable_identification,graph,answer,31,0.9543,0.4615
17,hidden_variable_identification,graph,answer,32,0.9598,0.4615
17,hidden_variable_identification,graph,answer,36,0.9183,0.4615
18,hidden_variable_identification,graph,synthesis,0,0.6881,0.5714
18,hidden_variable_identification,graph,synthesis,1,0.9646,0.5714
18,hidden_variable_identification,graph,synthesis,2,0.9594,0.5714
18,hidden_variable_identification,graph,synthesis,3,0.9511,0.5714
18,hidden_variable_identification,graph,synthesis,4,0.9494,0.5714
18,hidden_variable_identification,graph,synthesis,5,0.9604,0.5714
18,hidden_variable_identification,graph,synthesis,6,0.9667,0.5714
18,hidden_variable_identification,graph,synthesis,7,0.9651,0.5714
18,hidden_variable_identification,graph,synthesis,8,0.9570,0.5714
18,hidden_variable_identification,graph,synthesis,9,0.9506,0.5714
18,hidden_variable_identification,graph,synthesis,10,0.9466,0.5714
18,hidden_variable_identification,graph,synthesis,20,0.9184,0.5714
18,hidden_variable_identification,graph,synthesis,21,0.9191,0.5714
18,hidden_variable_identification,graph,synthesis,22,0.9034,0.5714
18,hidden_variable_identification,graph,synthesis,23,0.8961,0.5714
18,hidden_variable_identification,graph,synthesis,24,0.8928,0.5714
18,hidden_variable_identification,graph,synthesis,28,0.9299,0.5714
18,hidden_variable_identification,graph,synthesis,29,0.9352,0.5714
18,hidden_variable_identification,graph,synthesis,30,0.9465,0.5714
18,hidden_variable_identification,graph,synthesis,31,0.9559,0.5714
18,hidden_variable_identification,graph,synthesis,32,0.9616,0.5714
18,hidden_variable_identification,graph,synthesis,36,0.8110,0.5714
18,hidden_variable_identification,patterns,synthesis,0,0.7216,0.5714
18,hidden_variable_identification,patterns,synthesis,1,0.9659,0.5714
18,hidden_variable_identification,patterns,synthesis,2,0.9664,0.5714
18,hidden_variable_identification,patterns,synthesis,3,0.9606,0.5714
18,hidden_variable_identification,patterns,synthesis,4,0.9537,0.5714
18,hidden_variable_identification,patterns,synthesis,5,0.9654,0.5714
18,hidden_variable_identification,patterns,synthesis,6,0.9711,0.5714
18,hidden_variable_identification,patterns,synthesis,7,0.9699,0.5714
18,hidden_variable_identification,patterns,synthesis,8,0.9605,0.5714
18,hidden_variable_identification,patterns,synthesis,9,0.9482,0.5714
18,hidden_variable_identification,patterns,synthesis,10,0.9418,0.5714
18,hidden_variable_identification,patterns,synthesis,20,0.8737,0.5714
18,hidden_variable_identification,patterns,synthesis,21,0.8760,0.5714
18,hidden_variable_identification,patterns,synthesis,22,0.8576,0.5714
18,hidden_variable_identification,patterns,synthesis,23,0.8528,0.5714
18,hidden_variable_identification,patterns,synthesis,24,0.8487,0.5714
18,hidden_variable_identification,patterns,synthesis,28,0.9106,0.5714
18,hidden_variable_identification,patterns,synthesis,29,0.9144,0.5714
18,hidden_variable_identification,patterns,synthesis,30,0.9291,0.5714
18,hidden_variable_identification,patterns,synthesis,31,0.9402,0.5714
18,hidden_variable_identification,patterns,synthesis,32,0.9502,0.5714
18,hidden_variable_identification,patterns,synthesis,36,0.8767,0.5714
19,model_abstraction_and_breakdown,synthesis,answer,0,0.6272,0.4444
19,model_abstraction_and_breakdown,synthesis,answer,1,0.9522,0.4444
19,model_abstraction_and_breakdown,synthesis,answer,2,0.9514,0.4444
19,model_abstraction_and_breakdown,synthesis,answer,3,0.9402,0.4444
19,model_abstraction_and_breakdown,synthesis,answer,4,0.9394,0.4444
19,model_abstraction_and_breakdown,synthesis,answer,5,0.9535,0.4444
19,model_abstraction_and_breakdown,synthesis,answer,6,0.9569,0.4444
19,model_abstraction_and_breakdown,synthesis,answer,7,0.9575,0.4444
19,model_abstraction_and_breakdown,synthesis,answer,8,0.9474,0.4444
19,model_abstraction_and_breakdown,synthesis,answer,9,0.9374,0.4444
19,model_abstraction_and_breakdown,synthesis,answer,10,0.9335,0.4444
19,model_abstraction_and_breakdown,synthesis,answer,20,0.8763,0.4444
19,model_abstraction_and_breakdown,synthesis,answer,21,0.8821,0.4444
19,model_abstraction_and_breakdown,synthesis,answer,22,0.8614,0.4444
19,model_abstraction_and_breakdown,synthesis,answer,23,0.8528,0.4444
19,model_abstraction_and_breakdown,synthesis,answer,24,0.8590,0.4444
19,model_abstraction_and_breakdown,synthesis,answer,28,0.8859,0.4444
19,model_abstraction_and_breakdown,synthesis,answer,29,0.8901,0.4444
19,model_abstraction_and_breakdown,synthesis,answer,30,0.9060,0.4444
19,model_abstraction_and_breakdown,synthesis,answer,31,0.9169,0.4444
19,model_abstraction_and_breakdown,synthesis,answer,32,0.9303,0.4444
19,model_abstraction_and_breakdown,synthesis,answer,36,0.8424,0.4444
19,model_abstraction_and_breakdown,brainstorm,answer,0,0.6648,0.4444
19,model_abstraction_and_breakdown,brainstorm,answer,1,0.9560,0.4444
19,model_abstraction_and_breakdown,brainstorm,answer,2,0.9497,0.4444
19,model_abstraction_and_breakdown,brainstorm,answer,3,0.9391,0.4444
19,model_abstraction_and_breakdown,brainstorm,answer,4,0.9412,0.4444
19,model_abstraction_and_breakdown,brainstorm,answer,5,0.9553,0.4444
19,model_abstraction_and_breakdown,brainstorm,answer,6,0.9588,0.4444
19,model_abstraction_and_breakdown,brainstorm,answer,7,0.1534,0.4444
19,model_abstraction_and_breakdown,brainstorm,answer,8,0.1739,0.4444
19,model_abstraction_and_breakdown,brainstorm,answer,9,0.1834,0.4444
19,model_abstraction_and_breakdown,brainstorm,answer,10,0.2018,0.4444
19,model_abstraction_and_breakdown,brainstorm,answer,20,0.4215,0.4444
19,model_abstraction_and_breakdown,brainstorm,answer,21,0.4500,0.4444
19,model_abstraction_and_breakdown,brainstorm,answer,22,0.4539,0.4444
19,model_abstraction_and_breakdown,brainstorm,answer,23,0.4994,0.4444
19,model_abstraction_and_breakdown,brainstorm,answer,24,0.5605,0.4444
19,model_abstraction_and_breakdown,brainstorm,answer,28,0.7253,0.4444
19,model_abstraction_and_breakdown,brainstorm,answer,29,0.7536,0.4444
19,model_abstraction_and_breakdown,brainstorm,answer,30,0.7867,0.4444
19,model_abstraction_and_breakdown,brainstorm,answer,31,0.8205,0.4444
19,model_abstraction_and_breakdown,brainstorm,answer,32,0.8463,0.4444
19,model_abstraction_and_breakdown,brainstorm,answer,36,0.9143,0.4444
19,model_abstraction_and_breakdown,graph,answer,0,0.7199,0.4444
19,model_abstraction_and_breakdown,graph,answer,1,0.9581,0.4444
19,model_abstraction_and_breakdown,graph,answer,2,0.9574,0.4444
19,model_abstraction_and_breakdown,graph,answer,3,0.9504,0.4444
19,model_abstraction_and_breakdown,graph,answer,4,0.9529,0.4444
19,model_abstraction_and_breakdown,graph,answer,5,0.9628,0.4444
19,model_abstraction_and_breakdown,graph,answer,6,0.9655,0.4444
19,model_abstraction_and_breakdown,graph,answer,7,0.9624,0.4444
19,model_abstraction_and_breakdown,graph,answer,8,0.9566,0.4444
19,model_abstraction_and_breakdown,graph,answer,9,0.9444,0.4444
19,model_abstraction_and_breakdown,graph,answer,10,0.9424,0.4444
19,model_abstraction_and_breakdown,graph,answer,20,0.8928,0.4444
19,model_abstraction_and_breakdown,graph,answer,21,0.8964,0.4444
19,model_abstraction_and_breakdown,graph,answer,22,0.8756,0.4444
19,model_abstraction_and_breakdown,graph,answer,23,0.8778,0.4444
19,model_abstraction_and_breakdown,graph,answer,24,0.8744,0.4444
19,model_abstraction_and_breakdown,graph,answer,28,0.8908,0.4444
19,model_abstraction_and_breakdown,graph,answer,29,0.8893,0.4444
19,model_abstraction_and_breakdown,graph,answer,30,0.8993,0.4444
19,model_abstraction_and_breakdown,graph,answer,31,0.9116,0.4444
19,model_abstraction_and_breakdown,graph,answer,32,0.9245,0.4444
19,model_abstraction_and_breakdown,graph,answer,36,0.8939,0.4444
32,tradeoff_and_non_monotonicity,graph,synthesis,0,0.5383,0.4444
32,tradeoff_and_non_monotonicity,graph,synthesis,1,0.9330,0.4444
32,tradeoff_and_non_monotonicity,graph,synthesis,2,0.9378,0.4444
32,tradeoff_and_non_monotonicity,graph,synthesis,3,0.9359,0.4444
32,tradeoff_and_non_monotonicity,graph,synthesis,4,0.9229,0.4444
32,tradeoff_and_non_monotonicity,graph,synthesis,5,0.9363,0.4444
32,tradeoff_and_non_monotonicity,graph,synthesis,6,0.9436,0.4444
32,tradeoff_and_non_monotonicity,graph,synthesis,7,0.9422,0.4444
32,tradeoff_and_non_monotonicity,graph,synthesis,8,0.9309,0.4444
32,tradeoff_and_non_monotonicity,graph,synthesis,9,0.9141,0.4444
32,tradeoff_and_non_monotonicity,graph,synthesis,10,0.9155,0.4444
32,tradeoff_and_non_monotonicity,graph,synthesis,20,0.9000,0.4444
32,tradeoff_and_non_monotonicity,graph,synthesis,21,0.9069,0.4444
32,tradeoff_and_non_monotonicity,graph,synthesis,22,0.8925,0.4444
32,tradeoff_and_non_monotonicity,graph,synthesis,23,0.8979,0.4444
32,tradeoff_and_non_monotonicity,graph,synthesis,24,0.8935,0.4444
32,tradeoff_and_non_monotonicity,graph,synthesis,28,0.9156,0.4444
32,tradeoff_and_non_monotonicity,graph,synthesis,29,0.9170,0.4444
32,tradeoff_and_non_monotonicity,graph,synthesis,30,0.9259,0.4444
32,tradeoff_and_non_monotonicity,graph,synthesis,31,0.9340,0.4444
32,tradeoff_and_non_monotonicity,graph,synthesis,32,0.9424,0.4444
32,tradeoff_and_non_monotonicity,graph,synthesis,36,0.8868,0.4444
32,tradeoff_and_non_monotonicity,patterns,synthesis,0,0.4764,0.4444
32,tradeoff_and_non_monotonicity,patterns,synthesis,1,0.9185,0.4444
32,tradeoff_and_non_monotonicity,patterns,synthesis,2,0.9125,0.4444
32,tradeoff_and_non_monotonicity,patterns,synthesis,3,0.9032,0.4444
32,tradeoff_and_non_monotonicity,patterns,synthesis,4,0.8824,0.4444
32,tradeoff_and_non_monotonicity,patterns,synthesis,5,0.9061,0.4444
32,tradeoff_and_non_monotonicity,patterns,synthesis,6,0.9150,0.4444
32,tradeoff_and_non_monotonicity,patterns,synthesis,7,0.9143,0.4444
32,tradeoff_and_non_monotonicity,patterns,synthesis,8,0.8963,0.4444
32,tradeoff_and_non_monotonicity,patterns,synthesis,9,0.8727,0.4444
32,tradeoff_and_non_monotonicity,patterns,synthesis,10,0.8692,0.4444
32,tradeoff_and_non_monotonicity,patterns,synthesis,20,0.8077,0.4444
32,tradeoff_and_non_monotonicity,patterns,synthesis,21,0.8210,0.4444
32,tradeoff_and_non_monotonicity,patterns,synthesis,22,0.7954,0.4444
32,tradeoff_and_non_monotonicity,patterns,synthesis,23,0.7937,0.4444
32,tradeoff_and_non_monotonicity,patterns,synthesis,24,0.7924,0.4444
32,tradeoff_and_non_monotonicity,patterns,synthesis,28,0.8554,0.4444
32,tradeoff_and_non_monotonicity,patterns,synthesis,29,0.8608,0.4444
32,tradeoff_and_non_monotonicity,patterns,synthesis,30,0.8801,0.4444
32,tradeoff_and_non_monotonicity,patterns,synthesis,31,0.8949,0.4444
32,tradeoff_and_non_monotonicity,patterns,synthesis,32,0.9082,0.4444
32,tradeoff_and_non_monotonicity,patterns,synthesis,36,0.8167,0.4444
33,tradeoff_and_non_monotonicity,graph,synthesis,0,0.7931,0.5714
33,tradeoff_and_non_monotonicity,graph,synthesis,1,0.9743,0.5714
33,tradeoff_and_non_monotonicity,graph,synthesis,2,0.9707,0.5714
33,tradeoff_and_non_monotonicity,graph,synthesis,3,0.9651,0.5714
33,tradeoff_and_non_monotonicity,graph,synthesis,4,0.9632,0.5714
33,tradeoff_and_non_monotonicity,graph,synthesis,5,0.9685,0.5714
33,tradeoff_and_non_monotonicity,graph,synthesis,6,0.9724,0.5714
33,tradeoff_and_non_monotonicity,graph,synthesis,7,0.9724,0.5714
33,tradeoff_and_non_monotonicity,graph,synthesis,8,0.9647,0.5714
33,tradeoff_and_non_monotonicity,graph,synthesis,9,0.9557,0.5714
33,tradeoff_and_non_monotonicity,graph,synthesis,10,0.9546,0.5714
33,tradeoff_and_non_monotonicity,graph,synthesis,20,0.9142,0.5714
33,tradeoff_and_non_monotonicity,graph,synthesis,21,0.9103,0.5714
33,tradeoff_and_non_monotonicity,graph,synthesis,22,0.8958,0.5714
33,tradeoff_and_non_monotonicity,graph,synthesis,23,0.8849,0.5714
33,tradeoff_and_non_monotonicity,graph,synthesis,24,0.8811,0.5714
33,tradeoff_and_non_monotonicity,graph,synthesis,28,0.9203,0.5714
33,tradeoff_and_non_monotonicity,graph,synthesis,29,0.9248,0.5714
33,tradeoff_and_non_monotonicity,graph,synthesis,30,0.9358,0.5714
33,tradeoff_and_non_monotonicity,graph,synthesis,31,0.9451,0.5714
33,tradeoff_and_non_monotonicity,graph,synthesis,32,0.9528,0.5714
33,tradeoff_and_non_monotonicity,graph,synthesis,36,0.7601,0.5714
33,tradeoff_and_non_monotonicity,patterns,synthesis,0,0.7803,0.5714
33,tradeoff_and_non_monotonicity,patterns,synthesis,1,0.9721,0.5714
33,tradeoff_and_non_monotonicity,patterns,synthesis,2,0.9738,0.5714
33,tradeoff_and_non_monotonicity,patterns,synthesis,3,0.9672,0.5714
33,tradeoff_and_non_monotonicity,patterns,synthesis,4,0.9620,0.5714
33,tradeoff_and_non_monotonicity,patterns,synthesis,5,0.9680,0.5714
33,tradeoff_and_non_monotonicity,patterns,synthesis,6,0.9717,0.5714
33,tradeoff_and_non_monotonicity,patterns,synthesis,7,0.9697,0.5714
33,tradeoff_and_non_monotonicity,patterns,synthesis,8,0.9587,0.5714
33,tradeoff_and_non_monotonicity,patterns,synthesis,9,0.9480,0.5714
33,tradeoff_and_non_monotonicity,patterns,synthesis,10,0.9438,0.5714
33,tradeoff_and_non_monotonicity,patterns,synthesis,20,0.8807,0.5714
33,tradeoff_and_non_monotonicity,patterns,synthesis,21,0.8844,0.5714
33,tradeoff_and_non_monotonicity,patterns,synthesis,22,0.8704,0.5714
33,tradeoff_and_non_monotonicity,patterns,synthesis,23,0.8652,0.5714
33,tradeoff_and_non_monotonicity,patterns,synthesis,24,0.8639,0.5714
33,tradeoff_and_non_monotonicity,patterns,synthesis,28,0.9087,0.5714
33,tradeoff_and_non_monotonicity,patterns,synthesis,29,0.9097,0.5714
33,tradeoff_and_non_monotonicity,patterns,synthesis,30,0.9228,0.5714
33,tradeoff_and_non_monotonicity,patterns,synthesis,31,0.9321,0.5714
33,tradeoff_and_non_monotonicity,patterns,synthesis,32,0.9415,0.5714
33,tradeoff_and_non_monotonicity,patterns,synthesis,36,0.9003,0.5714
33,tradeoff_and_non_monotonicity,synthesis,answer,0,0.6704,0.5714
33,tradeoff_and_non_monotonicity,synthesis,answer,1,0.9616,0.5714
33,tradeoff_and_non_monotonicity,synthesis,answer,2,0.9660,0.5714
33,tradeoff_and_non_monotonicity,synthesis,answer,3,0.9634,0.5714
33,tradeoff_and_non_monotonicity,synthesis,answer,4,0.9602,0.5714
33,tradeoff_and_non_monotonicity,synthesis,answer,5,0.9698,0.5714
33,tradeoff_and_non_monotonicity,synthesis,answer,6,0.9713,0.5714
33,tradeoff_and_non_monotonicity,synthesis,answer,7,0.9716,0.5714
33,tradeoff_and_non_monotonicity,synthesis,answer,8,0.9642,0.5714
33,tradeoff_and_non_monotonicity,synthesis,answer,9,0.9589,0.5714
33,tradeoff_and_non_monotonicity,synthesis,answer,10,0.9552,0.5714
33,tradeoff_and_non_monotonicity,synthesis,answer,20,0.9197,0.5714
33,tradeoff_and_non_monotonicity,synthesis,answer,21,0.9219,0.5714
33,tradeoff_and_non_monotonicity,synthesis,answer,22,0.9112,0.5714
33,tradeoff_and_non_monotonicity,synthesis,answer,23,0.9078,0.5714
33,tradeoff_and_non_monotonicity,synthesis,answer,24,0.9101,0.5714
33,tradeoff_and_non_monotonicity,synthesis,answer,28,0.9426,0.5714
33,tradeoff_and_non_monotonicity,synthesis,answer,29,0.9443,0.5714
33,tradeoff_and_non_monotonicity,synthesis,answer,30,0.9524,0.5714
33,tradeoff_and_non_monotonicity,synthesis,answer,31,0.9593,0.5714
33,tradeoff_and_non_monotonicity,synthesis,answer,32,0.9650,0.5714
33,tradeoff_and_non_monotonicity,synthesis,answer,36,0.9030,0.5714
33,tradeoff_and_non_monotonicity,brainstorm,answer,0,0.5681,0.5714
33,tradeoff_and_non_monotonicity,brainstorm,answer,1,0.9518,0.5714
33,tradeoff_and_non_monotonicity,brainstorm,answer,2,0.9500,0.5714
33,tradeoff_and_non_monotonicity,brainstorm,answer,3,0.9451,0.5714
33,tradeoff_and_non_monotonicity,brainstorm,answer,4,0.9419,0.5714
33,tradeoff_and_non_monotonicity,brainstorm,answer,5,0.9548,0.5714
33,tradeoff_and_non_monotonicity,brainstorm,answer,6,0.9559,0.5714
33,tradeoff_and_non_monotonicity,brainstorm,answer,7,0.1470,0.5714
33,tradeoff_and_non_monotonicity,brainstorm,answer,8,0.1687,0.5714
33,tradeoff_and_non_monotonicity,brainstorm,answer,9,0.1823,0.5714
33,tradeoff_and_non_monotonicity,brainstorm,answer,10,0.2004,0.5714
33,tradeoff_and_non_monotonicity,brainstorm,answer,20,0.4373,0.5714
33,tradeoff_and_non_monotonicity,brainstorm,answer,21,0.4577,0.5714
33,tradeoff_and_non_monotonicity,brainstorm,answer,22,0.4629,0.5714
33,tradeoff_and_non_monotonicity,brainstorm,answer,23,0.4956,0.5714
33,tradeoff_and_non_monotonicity,brainstorm,answer,24,0.5614,0.5714
33,tradeoff_and_non_monotonicity,brainstorm,answer,28,0.7089,0.5714
33,tradeoff_and_non_monotonicity,brainstorm,answer,29,0.7311,0.5714
33,tradeoff_and_non_monotonicity,brainstorm,answer,30,0.7628,0.5714
33,tradeoff_and_non_monotonicity,brainstorm,answer,31,0.7928,0.5714
33,tradeoff_and_non_monotonicity,brainstorm,answer,32,0.8211,0.5714
33,tradeoff_and_non_monotonicity,brainstorm,answer,36,0.8235,0.5714
33,tradeoff_and_non_monotonicity,graph,answer,0,0.5854,0.5714
33,tradeoff_and_non_monotonicity,graph,answer,1,0.9645,0.5714
33,tradeoff_and_non_monotonicity,graph,answer,2,0.9631,0.5714
33,tradeoff_and_non_monotonicity,graph,answer,3,0.9560,0.5714
33,tradeoff_and_non_monotonicity,graph,answer,4,0.9519,0.5714
33,tradeoff_and_non_monotonicity,graph,answer,5,0.9601,0.5714
33,tradeoff_and_non_monotonicity,graph,answer,6,0.9645,0.5714
33,tradeoff_and_non_monotonicity,graph,answer,7,0.9660,0.5714
33,tradeoff_and_non_monotonicity,graph,answer,8,0.9571,0.5714
33,tradeoff_and_non_monotonicity,graph,answer,9,0.9500,0.5714
33,tradeoff_and_non_monotonicity,graph,answer,10,0.9483,0.5714
33,tradeoff_and_non_monotonicity,graph,answer,20,0.9126,0.5714
33,tradeoff_and_non_monotonicity,graph,answer,21,0.9139,0.5714
33,tradeoff_and_non_monotonicity,graph,answer,22,0.8967,0.5714
33,tradeoff_and_non_monotonicity,graph,answer,23,0.8864,0.5714
33,tradeoff_and_non_monotonicity,graph,answer,24,0.8826,0.5714
33,tradeoff_and_non_monotonicity,graph,answer,28,0.9144,0.5714
33,tradeoff_and_non_monotonicity,graph,answer,29,0.9175,0.5714
33,tradeoff_and_non_monotonicity,graph,answer,30,0.9283,0.5714
33,tradeoff_and_non_monotonicity,graph,answer,31,0.9359,0.5714
33,tradeoff_and_non_monotonicity,graph,answer,32,0.9439,0.5714
33,tradeoff_and_non_monotonicity,graph,answer,36,0.6767,0.5714
34,hidden_variable_identification,graph,synthesis,0,0.6176,0.2222
34,hidden_variable_identification,graph,synthesis,1,0.9593,0.2222
34,hidden_variable_identification,graph,synthesis,2,0.9477,0.2222
34,hidden_variable_identification,graph,synthesis,3,0.9359,0.2222
34,hidden_variable_identification,graph,synthesis,4,0.9287,0.2222
34,hidden_variable_identification,graph,synthesis,5,0.9388,0.2222
34,hidden_variable_identification,graph,synthesis,6,0.9497,0.2222
34,hidden_variable_identification,graph,synthesis,7,0.9528,0.2222
34,hidden_variable_identification,graph,synthesis,8,0.9399,0.2222
34,hidden_variable_identification,graph,synthesis,9,0.9304,0.2222
34,hidden_variable_identification,graph,synthesis,10,0.9265,0.2222
34,hidden_variable_identification,graph,synthesis,20,0.8588,0.2222
34,hidden_variable_identification,graph,synthesis,21,0.8607,0.2222
34,hidden_variable_identification,graph,synthesis,22,0.8410,0.2222
34,hidden_variable_identification,graph,synthesis,23,0.8231,0.2222
34,hidden_variable_identification,graph,synthesis,24,0.8365,0.2222
34,hidden_variable_identification,graph,synthesis,28,0.8978,0.2222
34,hidden_variable_identification,graph,synthesis,29,0.9058,0.2222
34,hidden_variable_identification,graph,synthesis,30,0.9175,0.2222
34,hidden_variable_identification,graph,synthesis,31,0.9296,0.2222
34,hidden_variable_identification,graph,synthesis,32,0.9396,0.2222
34,hidden_variable_identification,graph,synthesis,36,0.3613,0.2222
34,hidden_variable_identification,patterns,synthesis,0,0.7439,0.2222
34,hidden_variable_identification,patterns,synthesis,1,0.9742,0.2222
34,hidden_variable_identification,patterns,synthesis,2,0.9708,0.2222
34,hidden_variable_identification,patterns,synthesis,3,0.9678,0.2222
34,hidden_variable_identification,patterns,synthesis,4,0.9669,0.2222
34,hidden_variable_identification,patterns,synthesis,5,0.9727,0.2222
34,hidden_variable_identification,patterns,synthesis,6,0.9773,0.2222
34,hidden_variable_identification,patterns,synthesis,7,0.9782,0.2222
34,hidden_variable_identification,patterns,synthesis,8,0.9723,0.2222
34,hidden_variable_identification,patterns,synthesis,9,0.9655,0.2222
34,hidden_variable_identification,patterns,synthesis,10,0.9641,0.2222
34,hidden_variable_identification,patterns,synthesis,20,0.9211,0.2222
34,hidden_variable_identification,patterns,synthesis,21,0.9189,0.2222
34,hidden_variable_identification,patterns,synthesis,22,0.9079,0.2222
34,hidden_variable_identification,patterns,synthesis,23,0.9009,0.2222
34,hidden_variable_identification,patterns,synthesis,24,0.9032,0.2222
34,hidden_variable_identification,patterns,synthesis,28,0.9390,0.2222
34,hidden_variable_identification,patterns,synthesis,29,0.9427,0.2222
34,hidden_variable_identification,patterns,synthesis,30,0.9510,0.2222
34,hidden_variable_identification,patterns,synthesis,31,0.9597,0.2222
34,hidden_variable_identification,patterns,synthesis,32,0.9648,0.2222
34,hidden_variable_identification,patterns,synthesis,36,0.9008,0.2222
34,hidden_variable_identification,synthesis,answer,0,0.5649,0.2222
34,hidden_variable_identification,synthesis,answer,1,0.9553,0.2222
34,hidden_variable_identification,synthesis,answer,2,0.9596,0.2222
34,hidden_variable_identification,synthesis,answer,3,0.9511,0.2222
34,hidden_variable_identification,synthesis,answer,4,0.9455,0.2222
34,hidden_variable_identification,synthesis,answer,5,0.9524,0.2222
34,hidden_variable_identification,synthesis,answer,6,0.9584,0.2222
34,hidden_variable_identification,synthesis,answer,7,0.9602,0.2222
34,hidden_variable_identification,synthesis,answer,8,0.9491,0.2222
34,hidden_variable_identification,synthesis,answer,9,0.9438,0.2222
34,hidden_variable_identification,synthesis,answer,10,0.9383,0.2222
34,hidden_variable_identification,synthesis,answer,20,0.8787,0.2222
34,hidden_variable_identification,synthesis,answer,21,0.8837,0.2222
34,hidden_variable_identification,synthesis,answer,22,0.8683,0.2222
34,hidden_variable_identification,synthesis,answer,23,0.8544,0.2222
34,hidden_variable_identification,synthesis,answer,24,0.8576,0.2222
34,hidden_variable_identification,synthesis,answer,28,0.9080,0.2222
34,hidden_variable_identification,synthesis,answer,29,0.9144,0.2222
34,hidden_variable_identification,synthesis,answer,30,0.9276,0.2222
34,hidden_variable_identification,synthesis,answer,31,0.9389,0.2222
34,hidden_variable_identification,synthesis,answer,32,0.9481,0.2222
34,hidden_variable_identification,synthesis,answer,36,0.8848,0.2222
34,hidden_variable_identification,brainstorm,answer,0,0.6376,0.2222
34,hidden_variable_identification,brainstorm,answer,1,0.9600,0.2222
34,hidden_variable_identification,brainstorm,answer,2,0.9591,0.2222
34,hidden_variable_identification,brainstorm,answer,3,0.9500,0.2222
34,hidden_variable_identification,brainstorm,answer,4,0.9455,0.2222
34,hidden_variable_identification,brainstorm,answer,5,0.9532,0.2222
34,hidden_variable_identification,brainstorm,answer,6,0.9566,0.2222
34,hidden_variable_identification,brainstorm,answer,7,0.1372,0.2222
34,hidden_variable_identification,brainstorm,answer,8,0.1506,0.2222
34,hidden_variable_identification,brainstorm,answer,9,0.1624,0.2222
34,hidden_variable_identification,brainstorm,answer,10,0.1849,0.2222
34,hidden_variable_identification,brainstorm,answer,20,0.4225,0.2222
34,hidden_variable_identification,brainstorm,answer,21,0.4516,0.2222
34,hidden_variable_identification,brainstorm,answer,22,0.4546,0.2222
34,hidden_variable_identification,brainstorm,answer,23,0.4934,0.2222
34,hidden_variable_identification,brainstorm,answer,24,0.5654,0.2222
34,hidden_variable_identification,brainstorm,answer,28,0.7343,0.2222
34,hidden_variable_identification,brainstorm,answer,29,0.7660,0.2222
34,hidden_variable_identification,brainstorm,answer,30,0.7979,0.2222
34,hidden_variable_identification,brainstorm,answer,31,0.8315,0.2222
34,hidden_variable_identification,brainstorm,answer,32,0.8546,0.2222
34,hidden_variable_identification,brainstorm,answer,36,0.9089,0.2222
34,hidden_variable_identification,graph,answer,0,0.5601,0.2222
34,hidden_variable_identification,graph,answer,1,0.9503,0.2222
34,hidden_variable_identification,graph,answer,2,0.9487,0.2222
34,hidden_variable_identification,graph,answer,3,0.9368,0.2222
34,hidden_variable_identification,graph,answer,4,0.9318,0.2222
34,hidden_variable_identification,graph,answer,5,0.9426,0.2222
34,hidden_variable_identification,graph,answer,6,0.9518,0.2222
34,hidden_variable_identification,graph,answer,7,0.9557,0.2222
34,hidden_variable_identification,graph,answer,8,0.9439,0.2222
34,hidden_variable_identification,graph,answer,9,0.9388,0.2222
34,hidden_variable_identification,graph,answer,10,0.9354,0.2222
34,hidden_variable_identification,graph,answer,20,0.8898,0.2222
34,hidden_variable_identification,graph,answer,21,0.8963,0.2222
34,hidden_variable_identification,graph,answer,22,0.8817,0.2222
34,hidden_variable_identification,graph,answer,23,0.8631,0.2222
34,hidden_variable_identification,graph,answer,24,0.8740,0.2222
34,hidden_variable_identification,graph,answer,28,0.9187,0.2222
34,hidden_variable_identification,graph,answer,29,0.9238,0.2222
34,hidden_variable_identification,graph,answer,30,0.9310,0.2222
34,hidden_variable_identification,graph,answer,31,0.9398,0.2222
34,hidden_variable_identification,graph,answer,32,0.9476,0.2222
34,hidden_variable_identification,graph,answer,36,0.3018,0.2222
36,tradeoff_and_non_monotonicity,graph,synthesis,0,0.5950,0.5714
36,tradeoff_and_non_monotonicity,graph,synthesis,1,0.9581,0.5714
36,tradeoff_and_non_monotonicity,graph,synthesis,2,0.9488,0.5714
36,tradeoff_and_non_monotonicity,graph,synthesis,3,0.9330,0.5714
36,tradeoff_and_non_monotonicity,graph,synthesis,4,0.9309,0.5714
36,tradeoff_and_non_monotonicity,graph,synthesis,5,0.9475,0.5714
36,tradeoff_and_non_monotonicity,graph,synthesis,6,0.9570,0.5714
36,tradeoff_and_non_monotonicity,graph,synthesis,7,0.9614,0.5714
36,tradeoff_and_non_monotonicity,graph,synthesis,8,0.9475,0.5714
36,tradeoff_and_non_monotonicity,graph,synthesis,9,0.9389,0.5714
36,tradeoff_and_non_monotonicity,graph,synthesis,10,0.9367,0.5714
36,tradeoff_and_non_monotonicity,graph,synthesis,20,0.8909,0.5714
36,tradeoff_and_non_monotonicity,graph,synthesis,21,0.8968,0.5714
36,tradeoff_and_non_monotonicity,graph,synthesis,22,0.8774,0.5714
36,tradeoff_and_non_monotonicity,graph,synthesis,23,0.8583,0.5714
36,tradeoff_and_non_monotonicity,graph,synthesis,24,0.8647,0.5714
36,tradeoff_and_non_monotonicity,graph,synthesis,28,0.9134,0.5714
36,tradeoff_and_non_monotonicity,graph,synthesis,29,0.9192,0.5714
36,tradeoff_and_non_monotonicity,graph,synthesis,30,0.9313,0.5714
36,tradeoff_and_non_monotonicity,graph,synthesis,31,0.9419,0.5714
36,tradeoff_and_non_monotonicity,graph,synthesis,32,0.9497,0.5714
36,tradeoff_and_non_monotonicity,graph,synthesis,36,0.3453,0.5714
36,tradeoff_and_non_monotonicity,patterns,synthesis,0,0.6275,0.5714
36,tradeoff_and_non_monotonicity,patterns,synthesis,1,0.9610,0.5714
36,tradeoff_and_non_monotonicity,patterns,synthesis,2,0.9531,0.5714
36,tradeoff_and_non_monotonicity,patterns,synthesis,3,0.9446,0.5714
36,tradeoff_and_non_monotonicity,patterns,synthesis,4,0.9425,0.5714
36,tradeoff_and_non_monotonicity,patterns,synthesis,5,0.9583,0.5714
36,tradeoff_and_non_monotonicity,patterns,synthesis,6,0.9650,0.5714
36,tradeoff_and_non_monotonicity,patterns,synthesis,7,0.9665,0.5714
36,tradeoff_and_non_monotonicity,patterns,synthesis,8,0.9574,0.5714
36,tradeoff_and_non_monotonicity,patterns,synthesis,9,0.9459,0.5714
36,tradeoff_and_non_monotonicity,patterns,synthesis,10,0.9416,0.5714
36,tradeoff_and_non_monotonicity,patterns,synthesis,20,0.9076,0.5714
36,tradeoff_and_non_monotonicity,patterns,synthesis,21,0.9098,0.5714
36,tradeoff_and_non_monotonicity,patterns,synthesis,22,0.8997,0.5714
36,tradeoff_and_non_monotonicity,patterns,synthesis,23,0.8928,0.5714
36,tradeoff_and_non_monotonicity,patterns,synthesis,24,0.8896,0.5714
36,tradeoff_and_non_monotonicity,patterns,synthesis,28,0.9212,0.5714
36,tradeoff_and_non_monotonicity,patterns,synthesis,29,0.9252,0.5714
36,tradeoff_and_non_monotonicity,patterns,synthesis,30,0.9367,0.5714
36,tradeoff_and_non_monotonicity,patterns,synthesis,31,0.9466,0.5714
36,tradeoff_and_non_monotonicity,patterns,synthesis,32,0.9540,0.5714
36,tradeoff_and_non_monotonicity,patterns,synthesis,36,0.8261,0.5714
36,tradeoff_and_non_monotonicity,synthesis,answer,0,0.7745,0.5714
36,tradeoff_and_non_monotonicity,synthesis,answer,1,0.9775,0.5714
36,tradeoff_and_non_monotonicity,synthesis,answer,2,0.9763,0.5714
36,tradeoff_and_non_monotonicity,synthesis,answer,3,0.9741,0.5714
36,tradeoff_and_non_monotonicity,synthesis,answer,4,0.9710,0.5714
36,tradeoff_and_non_monotonicity,synthesis,answer,5,0.9767,0.5714
36,tradeoff_and_non_monotonicity,synthesis,answer,6,0.9806,0.5714
36,tradeoff_and_non_monotonicity,synthesis,answer,7,0.9794,0.5714
36,tradeoff_and_non_monotonicity,synthesis,answer,8,0.9738,0.5714
36,tradeoff_and_non_monotonicity,synthesis,answer,9,0.9631,0.5714
36,tradeoff_and_non_monotonicity,synthesis,answer,10,0.9623,0.5714
36,tradeoff_and_non_monotonicity,synthesis,answer,20,0.9312,0.5714
36,tradeoff_and_non_monotonicity,synthesis,answer,21,0.9318,0.5714
36,tradeoff_and_non_monotonicity,synthesis,answer,22,0.9233,0.5714
36,tradeoff_and_non_monotonicity,synthesis,answer,23,0.9210,0.5714
36,tradeoff_and_non_monotonicity,synthesis,answer,24,0.9213,0.5714
36,tradeoff_and_non_monotonicity,synthesis,answer,28,0.9464,0.5714
36,tradeoff_and_non_monotonicity,synthesis,answer,29,0.9491,0.5714
36,tradeoff_and_non_monotonicity,synthesis,answer,30,0.9547,0.5714
36,tradeoff_and_non_monotonicity,synthesis,answer,31,0.9615,0.5714
36,tradeoff_and_non_monotonicity,synthesis,answer,32,0.9653,0.5714
36,tradeoff_and_non_monotonicity,synthesis,answer,36,0.9368,0.5714
36,tradeoff_and_non_monotonicity,brainstorm,answer,0,0.4737,0.5714
36,tradeoff_and_non_monotonicity,brainstorm,answer,1,0.9474,0.5714
36,tradeoff_and_non_monotonicity,brainstorm,answer,2,0.9459,0.5714
36,tradeoff_and_non_monotonicity,brainstorm,answer,3,0.9263,0.5714
36,tradeoff_and_non_monotonicity,brainstorm,answer,4,0.9247,0.5714
36,tradeoff_and_non_monotonicity,brainstorm,answer,5,0.9335,0.5714
36,tradeoff_and_non_monotonicity,brainstorm,answer,6,0.9432,0.5714
36,tradeoff_and_non_monotonicity,brainstorm,answer,7,0.1495,0.5714
36,tradeoff_and_non_monotonicity,brainstorm,answer,8,0.1675,0.5714
36,tradeoff_and_non_monotonicity,brainstorm,answer,9,0.1745,0.5714
36,tradeoff_and_non_monotonicity,brainstorm,answer,10,0.1933,0.5714
36,tradeoff_and_non_monotonicity,brainstorm,answer,20,0.4174,0.5714
36,tradeoff_and_non_monotonicity,brainstorm,answer,21,0.4369,0.5714
36,tradeoff_and_non_monotonicity,brainstorm,answer,22,0.4352,0.5714
36,tradeoff_and_non_monotonicity,brainstorm,answer,23,0.4794,0.5714
36,tradeoff_and_non_monotonicity,brainstorm,answer,24,0.5453,0.5714
36,tradeoff_and_non_monotonicity,brainstorm,answer,28,0.7102,0.5714
36,tradeoff_and_non_monotonicity,brainstorm,answer,29,0.7384,0.5714
36,tradeoff_and_non_monotonicity,brainstorm,answer,30,0.7734,0.5714
36,tradeoff_and_non_monotonicity,brainstorm,answer,31,0.8087,0.5714
36,tradeoff_and_non_monotonicity,brainstorm,answer,32,0.8331,0.5714
36,tradeoff_and_non_monotonicity,brainstorm,answer,36,0.8473,0.5714
36,tradeoff_and_non_monotonicity,graph,answer,0,0.6313,0.5714
36,tradeoff_and_non_monotonicity,graph,answer,1,0.9600,0.5714
36,tradeoff_and_non_monotonicity,graph,answer,2,0.9539,0.5714
36,tradeoff_and_non_monotonicity,graph,answer,3,0.9362,0.5714
36,tradeoff_and_non_monotonicity,graph,answer,4,0.9338,0.5714
36,tradeoff_and_non_monotonicity,graph,answer,5,0.9417,0.5714
36,tradeoff_and_non_monotonicity,graph,answer,6,0.9532,0.5714
36,tradeoff_and_non_monotonicity,graph,answer,7,0.9588,0.5714
36,tradeoff_and_non_monotonicity,graph,answer,8,0.9472,0.5714
36,tradeoff_and_non_monotonicity,graph,answer,9,0.9365,0.5714
36,tradeoff_and_non_monotonicity,graph,answer,10,0.9326,0.5714
36,tradeoff_and_non_monotonicity,graph,answer,20,0.8682,0.5714
36,tradeoff_and_non_monotonicity,graph,answer,21,0.8741,0.5714
36,tradeoff_and_non_monotonicity,graph,answer,22,0.8430,0.5714
36,tradeoff_and_non_monotonicity,graph,answer,23,0.8246,0.5714
36,tradeoff_and_non_monotonicity,graph,answer,24,0.8308,0.5714
36,tradeoff_and_non_monotonicity,graph,answer,28,0.8926,0.5714
36,tradeoff_and_non_monotonicity,graph,answer,29,0.8977,0.5714
36,tradeoff_and_non_monotonicity,graph,answer,30,0.9120,0.5714
36,tradeoff_and_non_monotonicity,graph,answer,31,0.9234,0.5714
36,tradeoff_and_non_monotonicity,graph,answer,32,0.9324,0.5714
36,tradeoff_and_non_monotonicity,graph,answer,36,0.3639,0.5714
37,hidden_variable_identification,graph,synthesis,0,0.5478,0.7273
37,hidden_variable_identification,graph,synthesis,1,0.9584,0.7273
37,hidden_variable_identification,graph,synthesis,2,0.9582,0.7273
37,hidden_variable_identification,graph,synthesis,3,0.9490,0.7273
37,hidden_variable_identification,graph,synthesis,4,0.9422,0.7273
37,hidden_variable_identification,graph,synthesis,5,0.9532,0.7273
37,hidden_variable_identification,graph,synthesis,6,0.9608,0.7273
37,hidden_variable_identification,graph,synthesis,7,0.9604,0.7273
37,hidden_variable_identification,graph,synthesis,8,0.9465,0.7273
37,hidden_variable_identification,graph,synthesis,9,0.9387,0.7273
37,hidden_variable_identification,graph,synthesis,10,0.9326,0.7273
37,hidden_variable_identification,graph,synthesis,20,0.8582,0.7273
37,hidden_variable_identification,graph,synthesis,21,0.8660,0.7273
37,hidden_variable_identification,graph,synthesis,22,0.8454,0.7273
37,hidden_variable_identification,graph,synthesis,23,0.8387,0.7273
37,hidden_variable_identification,graph,synthesis,24,0.8484,0.7273
37,hidden_variable_identification,graph,synthesis,28,0.9052,0.7273
37,hidden_variable_identification,graph,synthesis,29,0.9110,0.7273
37,hidden_variable_identification,graph,synthesis,30,0.9261,0.7273
37,hidden_variable_identification,graph,synthesis,31,0.9343,0.7273
37,hidden_variable_identification,graph,synthesis,32,0.9417,0.7273
37,hidden_variable_identification,graph,synthesis,36,0.7408,0.7273
37,hidden_variable_identification,patterns,synthesis,0,0.7369,0.7273
37,hidden_variable_identification,patterns,synthesis,1,0.9658,0.7273
37,hidden_variable_identification,patterns,synthesis,2,0.9672,0.7273
37,hidden_variable_identification,patterns,synthesis,3,0.9595,0.7273
37,hidden_variable_identification,patterns,synthesis,4,0.9531,0.7273
37,hidden_variable_identification,patterns,synthesis,5,0.9582,0.7273
37,hidden_variable_identification,patterns,synthesis,6,0.9627,0.7273
37,hidden_variable_identification,patterns,synthesis,7,0.9599,0.7273
37,hidden_variable_identification,patterns,synthesis,8,0.9488,0.7273
37,hidden_variable_identification,patterns,synthesis,9,0.9349,0.7273
37,hidden_variable_identification,patterns,synthesis,10,0.9243,0.7273
37,hidden_variable_identification,patterns,synthesis,20,0.8798,0.7273
37,hidden_variable_identification,patterns,synthesis,21,0.8822,0.7273
37,hidden_variable_identification,patterns,synthesis,22,0.8598,0.7273
37,hidden_variable_identification,patterns,synthesis,23,0.8594,0.7273
37,hidden_variable_identification,patterns,synthesis,24,0.8639,0.7273
37,hidden_variable_identification,patterns,synthesis,28,0.9026,0.7273
37,hidden_variable_identification,patterns,synthesis,29,0.9025,0.7273
37,hidden_variable_identification,patterns,synthesis,30,0.9168,0.7273
37,hidden_variable_identification,patterns,synthesis,31,0.9281,0.7273
37,hidden_variable_identification,patterns,synthesis,32,0.9340,0.7273
37,hidden_variable_identification,patterns,synthesis,36,0.8998,0.7273
37,hidden_variable_identification,synthesis,answer,0,0.8080,0.7273
37,hidden_variable_identification,synthesis,answer,1,0.9793,0.7273
37,hidden_variable_identification,synthesis,answer,2,0.9764,0.7273
37,hidden_variable_identification,synthesis,answer,3,0.9765,0.7273
37,hidden_variable_identification,synthesis,answer,4,0.9703,0.7273
37,hidden_variable_identification,synthesis,answer,5,0.9772,0.7273
37,hidden_variable_identification,synthesis,answer,6,0.9817,0.7273
37,hidden_variable_identification,synthesis,answer,7,0.9821,0.7273
37,hidden_variable_identification,synthesis,answer,8,0.9791,0.7273
37,hidden_variable_identification,synthesis,answer,9,0.9737,0.7273
37,hidden_variable_identification,synthesis,answer,10,0.9720,0.7273
37,hidden_variable_identification,synthesis,answer,20,0.9296,0.7273
37,hidden_variable_identification,synthesis,answer,21,0.9247,0.7273
37,hidden_variable_identification,synthesis,answer,22,0.9194,0.7273
37,hidden_variable_identification,synthesis,answer,23,0.9200,0.7273
37,hidden_variable_identification,synthesis,answer,24,0.9250,0.7273
37,hidden_variable_identification,synthesis,answer,28,0.9501,0.7273
37,hidden_variable_identification,synthesis,answer,29,0.9542,0.7273
37,hidden_variable_identification,synthesis,answer,30,0.9572,0.7273
37,hidden_variable_identification,synthesis,answer,31,0.9624,0.7273
37,hidden_variable_identification,synthesis,answer,32,0.9673,0.7273
37,hidden_variable_identification,synthesis,answer,36,0.8962,0.7273
37,hidden_variable_identification,brainstorm,answer,0,0.6197,0.7273
37,hidden_variable_identification,brainstorm,answer,1,0.9684,0.7273
37,hidden_variable_identification,brainstorm,answer,2,0.9559,0.7273
37,hidden_variable_identification,brainstorm,answer,3,0.9474,0.7273
37,hidden_variable_identification,brainstorm,answer,4,0.9431,0.7273
37,hidden_variable_identification,brainstorm,answer,5,0.9544,0.7273
37,hidden_variable_identification,brainstorm,answer,6,0.9573,0.7273
37,hidden_variable_identification,brainstorm,answer,7,0.1425,0.7273
37,hidden_variable_identification,brainstorm,answer,8,0.1601,0.7273
37,hidden_variable_identification,brainstorm,answer,9,0.1661,0.7273
37,hidden_variable_identification,brainstorm,answer,10,0.1851,0.7273
37,hidden_variable_identification,brainstorm,answer,20,0.3888,0.7273
37,hidden_variable_identification,brainstorm,answer,21,0.3978,0.7273
37,hidden_variable_identification,brainstorm,answer,22,0.4037,0.7273
37,hidden_variable_identification,brainstorm,answer,23,0.4464,0.7273
37,hidden_variable_identification,brainstorm,answer,24,0.5108,0.7273
37,hidden_variable_identification,brainstorm,answer,28,0.6859,0.7273
37,hidden_variable_identification,brainstorm,answer,29,0.7210,0.7273
37,hidden_variable_identification,brainstorm,answer,30,0.7637,0.7273
37,hidden_variable_identification,brainstorm,answer,31,0.7976,0.7273
37,hidden_variable_identification,brainstorm,answer,32,0.8264,0.7273
37,hidden_variable_identification,brainstorm,answer,36,0.8498,0.7273
37,hidden_variable_identification,graph,answer,0,0.5492,0.7273
37,hidden_variable_identification,graph,answer,1,0.9640,0.7273
37,hidden_variable_identification,graph,answer,2,0.9586,0.7273
37,hidden_variable_identification,graph,answer,3,0.9506,0.7273
37,hidden_variable_identification,graph,answer,4,0.9432,0.7273
37,hidden_variable_identification,graph,answer,5,0.9542,0.7273
37,hidden_variable_identification,graph,answer,6,0.9626,0.7273
37,hidden_variable_identification,graph,answer,7,0.9636,0.7273
37,hidden_variable_identification,graph,answer,8,0.9495,0.7273
37,hidden_variable_identification,graph,answer,9,0.9376,0.7273
37,hidden_variable_identification,graph,answer,10,0.9315,0.7273
37,hidden_variable_identification,graph,answer,20,0.8521,0.7273
37,hidden_variable_identification,graph,answer,21,0.8548,0.7273
37,hidden_variable_identification,graph,answer,22,0.8327,0.7273
37,hidden_variable_identification,graph,answer,23,0.8223,0.7273
37,hidden_variable_identification,graph,answer,24,0.8233,0.7273
37,hidden_variable_identification,graph,answer,28,0.8867,0.7273
37,hidden_variable_identification,graph,answer,29,0.8934,0.7273
37,hidden_variable_identification,graph,answer,30,0.9112,0.7273
37,hidden_variable_identification,graph,answer,31,0.9229,0.7273
37,hidden_variable_identification,graph,answer,32,0.9335,0.7273
37,hidden_variable_identification,graph,answer,36,0.7216,0.7273
38,model_abstraction_and_breakdown,graph,synthesis,0,0.3492,0.5000
38,model_abstraction_and_breakdown,graph,synthesis,1,0.8964,0.5000
38,model_abstraction_and_breakdown,graph,synthesis,2,0.8814,0.5000
38,model_abstraction_and_breakdown,graph,synthesis,3,0.8808,0.5000
38,model_abstraction_and_breakdown,graph,synthesis,4,0.8822,0.5000
38,model_abstraction_and_breakdown,graph,synthesis,5,0.8988,0.5000
38,model_abstraction_and_breakdown,graph,synthesis,6,0.9048,0.5000
38,model_abstraction_and_breakdown,graph,synthesis,7,0.9057,0.5000
38,model_abstraction_and_breakdown,graph,synthesis,8,0.8840,0.5000
38,model_abstraction_and_breakdown,graph,synthesis,9,0.8544,0.5000
38,model_abstraction_and_breakdown,graph,synthesis,10,0.8556,0.5000
38,model_abstraction_and_breakdown,graph,synthesis,20,0.8422,0.5000
38,model_abstraction_and_breakdown,graph,synthesis,21,0.8487,0.5000
38,model_abstraction_and_breakdown,graph,synthesis,22,0.8278,0.5000
38,model_abstraction_and_breakdown,graph,synthesis,23,0.8241,0.5000
38,model_abstraction_and_breakdown,graph,synthesis,24,0.8215,0.5000
38,model_abstraction_and_breakdown,graph,synthesis,28,0.8420,0.5000
38,model_abstraction_and_breakdown,graph,synthesis,29,0.8454,0.5000
38,model_abstraction_and_breakdown,graph,synthesis,30,0.8571,0.5000
38,model_abstraction_and_breakdown,graph,synthesis,31,0.8778,0.5000
38,model_abstraction_and_breakdown,graph,synthesis,32,0.8832,0.5000
38,model_abstraction_and_breakdown,graph,synthesis,36,0.5178,0.5000
38,model_abstraction_and_breakdown,patterns,synthesis,0,0.3417,0.5000
38,model_abstraction_and_breakdown,patterns,synthesis,1,0.8950,0.5000
38,model_abstraction_and_breakdown,patterns,synthesis,2,0.8881,0.5000
38,model_abstraction_and_breakdown,patterns,synthesis,3,0.8913,0.5000
38,model_abstraction_and_breakdown,patterns,synthesis,4,0.8883,0.5000
38,model_abstraction_and_breakdown,patterns,synthesis,5,0.8946,0.5000
38,model_abstraction_and_breakdown,patterns,synthesis,6,0.9006,0.5000
38,model_abstraction_and_breakdown,patterns,synthesis,7,0.9006,0.5000
38,model_abstraction_and_breakdown,patterns,synthesis,8,0.8771,0.5000
38,model_abstraction_and_breakdown,patterns,synthesis,9,0.8428,0.5000
38,model_abstraction_and_breakdown,patterns,synthesis,10,0.8424,0.5000
38,model_abstraction_and_breakdown,patterns,synthesis,20,0.8161,0.5000
38,model_abstraction_and_breakdown,patterns,synthesis,21,0.8166,0.5000
38,model_abstraction_and_breakdown,patterns,synthesis,22,0.7940,0.5000
38,model_abstraction_and_breakdown,patterns,synthesis,23,0.7911,0.5000
38,model_abstraction_and_breakdown,patterns,synthesis,24,0.7815,0.5000
38,model_abstraction_and_breakdown,patterns,synthesis,28,0.8140,0.5000
38,model_abstraction_and_breakdown,patterns,synthesis,29,0.8199,0.5000
38,model_abstraction_and_breakdown,patterns,synthesis,30,0.8334,0.5000
38,model_abstraction_and_breakdown,patterns,synthesis,31,0.8559,0.5000
38,model_abstraction_and_breakdown,patterns,synthesis,32,0.8613,0.5000
38,model_abstraction_and_breakdown,patterns,synthesis,36,0.6381,0.5000
39,tradeoff_and_non_monotonicity,graph,synthesis,0,0.7226,0.6667
39,tradeoff_and_non_monotonicity,graph,synthesis,1,0.9642,0.6667
39,tradeoff_and_non_monotonicity,graph,synthesis,2,0.9698,0.6667
39,tradeoff_and_non_monotonicity,graph,synthesis,3,0.9643,0.6667
39,tradeoff_and_non_monotonicity,graph,synthesis,4,0.9550,0.6667
39,tradeoff_and_non_monotonicity,graph,synthesis,5,0.9617,0.6667
39,tradeoff_and_non_monotonicity,graph,synthesis,6,0.9654,0.6667
39,tradeoff_and_non_monotonicity,graph,synthesis,7,0.9651,0.6667
39,tradeoff_and_non_monotonicity,graph,synthesis,8,0.9569,0.6667
39,tradeoff_and_non_monotonicity,graph,synthesis,9,0.9474,0.6667
39,tradeoff_and_non_monotonicity,graph,synthesis,10,0.9418,0.6667
39,tradeoff_and_non_monotonicity,graph,synthesis,20,0.8941,0.6667
39,tradeoff_and_non_monotonicity,graph,synthesis,21,0.8942,0.6667
39,tradeoff_and_non_monotonicity,graph,synthesis,22,0.8758,0.6667
39,tradeoff_and_non_monotonicity,graph,synthesis,23,0.8674,0.6667
39,tradeoff_and_non_monotonicity,graph,synthesis,24,0.8663,0.6667
39,tradeoff_and_non_monotonicity,graph,synthesis,28,0.9094,0.6667
39,tradeoff_and_non_monotonicity,graph,synthesis,29,0.9151,0.6667
39,tradeoff_and_non_monotonicity,graph,synthesis,30,0.9290,0.6667
39,tradeoff_and_non_monotonicity,graph,synthesis,31,0.9390,0.6667
39,tradeoff_and_non_monotonicity,graph,synthesis,32,0.9487,0.6667
39,tradeoff_and_non_monotonicity,graph,synthesis,36,0.9419,0.6667
39,tradeoff_and_non_monotonicity,patterns,synthesis,0,0.7581,0.6667
39,tradeoff_and_non_monotonicity,patterns,synthesis,1,0.9735,0.6667
39,tradeoff_and_non_monotonicity,patterns,synthesis,2,0.9775,0.6667
39,tradeoff_and_non_monotonicity,patterns,synthesis,3,0.9735,0.6667
39,tradeoff_and_non_monotonicity,patterns,synthesis,4,0.9673,0.6667
39,tradeoff_and_non_monotonicity,patterns,synthesis,5,0.9707,0.6667
39,tradeoff_and_non_monotonicity,patterns,synthesis,6,0.9751,0.6667
39,tradeoff_and_non_monotonicity,patterns,synthesis,7,0.9730,0.6667
39,tradeoff_and_non_monotonicity,patterns,synthesis,8,0.9652,0.6667
39,tradeoff_and_non_monotonicity,patterns,synthesis,9,0.9570,0.6667
39,tradeoff_and_non_monotonicity,patterns,synthesis,10,0.9524,0.6667
39,tradeoff_and_non_monotonicity,patterns,synthesis,20,0.9264,0.6667
39,tradeoff_and_non_monotonicity,patterns,synthesis,21,0.9257,0.6667
39,tradeoff_and_non_monotonicity,patterns,synthesis,22,0.9108,0.6667
39,tradeoff_and_non_monotonicity,patterns,synthesis,23,0.9091,0.6667
39,tradeoff_and_non_monotonicity,patterns,synthesis,24,0.9078,0.6667
39,tradeoff_and_non_monotonicity,patterns,synthesis,28,0.9379,0.6667
39,tradeoff_and_non_monotonicity,patterns,synthesis,29,0.9381,0.6667
39,tradeoff_and_non_monotonicity,patterns,synthesis,30,0.9461,0.6667
39,tradeoff_and_non_monotonicity,patterns,synthesis,31,0.9532,0.6667
39,tradeoff_and_non_monotonicity,patterns,synthesis,32,0.9608,0.6667
39,tradeoff_and_non_monotonicity,patterns,synthesis,36,0.9622,0.6667
39,tradeoff_and_non_monotonicity,synthesis,answer,0,0.7011,0.6667
39,tradeoff_and_non_monotonicity,synthesis,answer,1,0.9643,0.6667
39,tradeoff_and_non_monotonicity,synthesis,answer,2,0.9668,0.6667
39,tradeoff_and_non_monotonicity,synthesis,answer,3,0.9640,0.6667
39,tradeoff_and_non_monotonicity,synthesis,answer,4,0.9586,0.6667
39,tradeoff_and_non_monotonicity,synthesis,answer,5,0.9675,0.6667
39,tradeoff_and_non_monotonicity,synthesis,answer,6,0.9695,0.6667
39,tradeoff_and_non_monotonicity,synthesis,answer,7,0.9694,0.6667
39,tradeoff_and_non_monotonicity,synthesis,answer,8,0.9607,0.6667
39,tradeoff_and_non_monotonicity,synthesis,answer,9,0.9530,0.6667
39,tradeoff_and_non_monotonicity,synthesis,answer,10,0.9493,0.6667
39,tradeoff_and_non_monotonicity,synthesis,answer,20,0.9086,0.6667
39,tradeoff_and_non_monotonicity,synthesis,answer,21,0.9085,0.6667
39,tradeoff_and_non_monotonicity,synthesis,answer,22,0.8922,0.6667
39,tradeoff_and_non_monotonicity,synthesis,answer,23,0.8825,0.6667
39,tradeoff_and_non_monotonicity,synthesis,answer,24,0.8810,0.6667
39,tradeoff_and_non_monotonicity,synthesis,answer,28,0.9127,0.6667
39,tradeoff_and_non_monotonicity,synthesis,answer,29,0.9202,0.6667
39,tradeoff_and_non_monotonicity,synthesis,answer,30,0.9321,0.6667
39,tradeoff_and_non_monotonicity,synthesis,answer,31,0.9420,0.6667
39,tradeoff_and_non_monotonicity,synthesis,answer,32,0.9510,0.6667
39,tradeoff_and_non_monotonicity,synthesis,answer,36,0.8095,0.6667
39,tradeoff_and_non_monotonicity,brainstorm,answer,0,0.7193,0.6667
39,tradeoff_and_non_monotonicity,brainstorm,answer,1,0.9608,0.6667
39,tradeoff_and_non_monotonicity,brainstorm,answer,2,0.9552,0.6667
39,tradeoff_and_non_monotonicity,brainstorm,answer,3,0.9461,0.6667
39,tradeoff_and_non_monotonicity,brainstorm,answer,4,0.9412,0.6667
39,tradeoff_and_non_monotonicity,brainstorm,answer,5,0.9543,0.6667
39,tradeoff_and_non_monotonicity,brainstorm,answer,6,0.9567,0.6667
39,tradeoff_and_non_monotonicity,brainstorm,answer,7,0.1664,0.6667
39,tradeoff_and_non_monotonicity,brainstorm,answer,8,0.1879,0.6667
39,tradeoff_and_non_monotonicity,brainstorm,answer,9,0.2013,0.6667
39,tradeoff_and_non_monotonicity,brainstorm,answer,10,0.2184,0.6667
39,tradeoff_and_non_monotonicity,brainstorm,answer,20,0.4280,0.6667
39,tradeoff_and_non_monotonicity,brainstorm,answer,21,0.4438,0.6667
39,tradeoff_and_non_monotonicity,brainstorm,answer,22,0.4550,0.6667
39,tradeoff_and_non_monotonicity,brainstorm,answer,23,0.4929,0.6667
39,tradeoff_and_non_monotonicity,brainstorm,answer,24,0.5499,0.6667
39,tradeoff_and_non_monotonicity,brainstorm,answer,28,0.7127,0.6667
39,tradeoff_and_non_monotonicity,brainstorm,answer,29,0.7429,0.6667
39,tradeoff_and_non_monotonicity,brainstorm,answer,30,0.7792,0.6667
39,tradeoff_and_non_monotonicity,brainstorm,answer,31,0.8099,0.6667
39,tradeoff_and_non_monotonicity,brainstorm,answer,32,0.8356,0.6667
39,tradeoff_and_non_monotonicity,brainstorm,answer,36,0.8981,0.6667
39,tradeoff_and_non_monotonicity,graph,answer,0,0.7170,0.6667
39,tradeoff_and_non_monotonicity,graph,answer,1,0.9629,0.6667
39,tradeoff_and_non_monotonicity,graph,answer,2,0.9687,0.6667
39,tradeoff_and_non_monotonicity,graph,answer,3,0.9645,0.6667
39,tradeoff_and_non_monotonicity,graph,answer,4,0.9607,0.6667
39,tradeoff_and_non_monotonicity,graph,answer,5,0.9686,0.6667
39,tradeoff_and_non_monotonicity,graph,answer,6,0.9700,0.6667
39,tradeoff_and_non_monotonicity,graph,answer,7,0.9688,0.6667
39,tradeoff_and_non_monotonicity,graph,answer,8,0.9618,0.6667
39,tradeoff_and_non_monotonicity,graph,answer,9,0.9529,0.6667
39,tradeoff_and_non_monotonicity,graph,answer,10,0.9481,0.6667
39,tradeoff_and_non_monotonicity,graph,answer,20,0.8928,0.6667
39,tradeoff_and_non_monotonicity,graph,answer,21,0.8951,0.6667
39,tradeoff_and_non_monotonicity,graph,answer,22,0.8759,0.6667
39,tradeoff_and_non_monotonicity,graph,answer,23,0.8684,0.6667
39,tradeoff_and_non_monotonicity,graph,answer,24,0.8641,0.6667
39,tradeoff_and_non_monotonicity,graph,answer,28,0.9008,0.6667
39,tradeoff_and_non_monotonicity,graph,answer,29,0.9071,0.6667
39,tradeoff_and_non_monotonicity,graph,answer,30,0.9224,0.6667
39,tradeoff_and_non_monotonicity,graph,answer,31,0.9319,0.6667
39,tradeoff_and_non_monotonicity,graph,answer,32,0.9422,0.6667
39,tradeoff_and_non_monotonicity,graph,answer,36,0.9321,0.6667
